id,username,created_at
39206388,,2023-07-21 13:20:44.288454
124081945,,2023-07-21 06:35:50.985614
129924883,,2023-07-20 23:05:53.341604
139353547,,2023-07-21 07:00:13.217227
153933127,,2023-07-21 13:39:59.475162
179577842,,2023-07-20 14:23:05.414541
196072125,,2023-07-21 10:38:12.473071
211545468,,2023-07-21 06:56:19.711770
232390742,,2023-07-21 06:48:44.202504
255636327,,2023-07-21 08:22:45.495633
282808287,,2023-07-21 08:42:14.238617
339394156,,2023-07-20 16:44:15.080102
340770577,,2023-07-21 10:14:41.780097
345986076,,2023-07-21 06:34:29.354934
355015758,,2023-07-20 06:18:57.177142
356588539,,2023-07-21 11:17:04.148756
359395025,,2023-07-20 11:32:28.014660
366072163,,2023-07-21 07:05:58.512650
375027867,,2023-07-21 09:08:39.685703
375110348,,2023-07-20 06:18:01.962716
383442399,,2023-07-20 09:54:28.620633
384242130,,2023-07-20 11:17:33.434542
386044067,,2023-07-21 08:23:02.813971
388490262,,2023-07-20 08:21:14.017022
396248779,,2023-07-21 10:50:01.937655
399040852,,2023-07-21 00:50:00.970879
401577269,,2023-07-21 06:41:04.440996
401845311,,2023-07-21 12:35:07.614145
418555013,,2023-07-21 13:37:11.422726
431092401,,2023-07-20 06:17:42.138564
435396533,,2023-07-20 12:53:47.016121
438454913,,2023-07-20 06:15:38.555691
452282032,,2023-07-20 12:08:29.212245
454113569,,2023-07-21 11:17:13.272912
454498433,,2023-07-20 21:18:43.685903
469786398,,2023-07-20 11:53:52.813594
476232739,,2023-07-21 06:56:49.178533
476588018,,2023-07-20 06:04:35.264747
482210096,,2023-07-21 10:40:30.254970
482333576,,2023-07-21 10:38:24.312990
494137590,Headmader,2023-07-20 12:38:41.206759
495105800,,2023-07-21 19:14:57.230992
497550585,,2023-07-21 07:28:14.414726
499705242,,2023-07-21 08:17:40.119635
504864362,,2023-07-21 10:57:30.789564
505814989,,2023-07-21 06:31:47.049180
506634630,,2023-07-21 10:43:06.555130
506671356,,2023-07-21 06:31:17.708065
508370772,,2023-07-20 08:32:12.533396
514377643,,2023-07-21 06:53:17.899364
518866192,,2023-07-20 06:08:01.725737
520817524,,2023-07-21 12:16:25.416225
522483013,,2023-07-20 10:59:39.966869
524825242,,2023-07-21 12:27:56.083218
525447434,,2023-07-21 20:00:05.135538
527552408,,2023-07-21 11:00:35.851767
529231064,,2023-07-21 10:46:12.798487
530919704,,2023-07-20 11:34:56.360558
531453145,,2023-07-21 10:39:41.137178
537428967,,2023-07-21 20:42:55.183032
537993828,,2023-07-21 17:12:58.264774
539338761,,2023-07-21 13:37:06.740559
541147378,,2023-07-21 08:14:31.729804
541550933,,2023-07-21 07:12:47.941713
545487297,,2023-07-20 07:08:55.719749
551575668,,2023-07-21 12:42:48.195310
552669005,,2023-07-21 10:40:12.309663
554305157,,2023-07-21 06:34:04.008184
568275199,,2023-07-20 19:56:34.502345
568943766,,2023-07-20 06:14:57.951860
569733744,,2023-07-20 08:07:43.294655
579807237,,2023-07-21 10:39:40.078618
582862521,dahnusha68,2023-07-20 08:31:27.255562
590301037,,2023-07-20 11:47:33.505941
595556885,,2023-07-20 06:05:24.516277
605944372,,2023-07-21 06:42:40.504700
606339614,,2023-07-20 16:03:36.064765
606821264,,2023-07-20 11:37:19.280668
607903786,,2023-07-20 06:09:53.263704
614747568,,2023-07-21 07:50:47.453121
615057050,,2023-07-21 06:33:41.805695
620133105,,2023-07-20 06:21:47.350088
621902202,,2023-07-21 06:42:05.935860
623675616,,2023-07-21 06:50:35.236295
624380225,,2023-07-20 07:29:55.735341
629358211,,2023-07-20 09:46:17.794318
629457040,,2023-07-21 11:00:51.310467
631277044,,2023-07-21 06:34:41.898903
639058209,,2023-07-21 06:36:39.557651
639194398,,2023-07-21 12:32:38.243794
639456084,,2023-07-21 06:55:25.358029
642864733,,2023-07-20 08:12:59.681125
644545644,,2023-07-21 06:37:55.599544
651230743,,2023-07-20 06:09:34.366386
653563566,,2023-07-21 10:38:05.006645
653614988,,2023-07-21 10:39:37.681067
654642017,,2023-07-21 06:42:07.449639
661757678,,2023-07-21 07:33:36.980827
661888017,,2023-07-21 06:33:55.913953
662968680,,2023-07-21 13:26:10.505153
663331482,,2023-07-20 06:06:29.448707
664231058,,2023-07-19 21:59:22.375121
666141628,,2023-07-20 06:22:38.872739
669110022,,2023-07-20 06:11:46.698423
673312929,,2023-07-20 11:33:52.252199
674825104,,2023-07-21 10:51:24.029699
677853337,,2023-07-21 11:15:37.279960
684176115,,2023-07-21 10:38:13.354866
684479306,,2023-07-21 10:38:47.906107
686374596,,2023-07-21 12:28:49.710323
686686029,,2023-07-21 11:49:45.891984
686774829,,2023-07-21 10:38:15.862598
687900520,,2023-07-21 14:58:20.020105
690112360,,2023-07-20 06:18:30.283063
690118293,,2023-07-21 19:36:48.535696
691829511,,2023-07-20 19:00:34.234054
692978981,,2023-07-20 06:19:03.100586
694401480,,2023-07-21 11:57:55.850858
696309090,,2023-07-21 08:19:56.314728
696648195,,2023-07-20 11:36:22.634661
698408710,,2023-07-20 06:04:40.394182
702454945,,2023-07-21 06:47:07.133589
706891377,,2023-07-21 06:47:36.478839
709556333,,2023-07-20 06:19:32.242150
712732808,,2023-07-20 09:54:08.043958
714101799,,2023-07-21 06:31:08.478190
715224814,,2023-07-21 06:43:12.415317
716559835,,2023-07-21 08:24:15.535699
719158621,,2023-07-20 07:44:05.193447
719418850,,2023-07-21 06:38:52.830941
720383017,,2023-07-21 22:11:41.229069
723539112,,2023-07-21 07:42:07.375904
723744116,,2023-07-21 09:26:57.616408
728130880,,2023-07-20 06:05:15.127408
729409886,,2023-07-21 09:30:56.921602
729471592,,2023-07-21 10:44:32.277457
734588037,,2023-07-21 07:00:50.785378
744737891,,2023-07-21 06:41:15.889620
745372057,,2023-07-21 06:31:50.460417
750949457,,2023-07-21 14:26:02.614977
756545723,,2023-07-20 06:10:06.846131
759964063,,2023-07-20 10:59:22.755163
762198433,,2023-07-21 06:31:20.289379
770709068,,2023-07-21 06:35:28.290850
771461825,,2023-07-21 06:55:20.976893
772561128,,2023-07-20 11:39:47.009772
779851818,,2023-07-21 07:40:47.493056
781748014,,2023-07-20 11:54:04.176946
786240651,,2023-07-21 06:39:46.755912
788167332,,2023-07-21 06:39:02.646974
792111797,,2023-07-20 06:05:42.905934
792809510,,2023-07-21 10:41:05.181311
793597220,,2023-07-21 07:27:23.513617
794017982,,2023-07-21 11:10:32.697568
797986435,,2023-07-21 06:49:06.314138
798799889,,2023-07-20 06:56:40.261297
804619512,,2023-07-21 07:29:11.955164
806056483,,2023-07-21 12:10:18.177185
813523095,,2023-07-20 09:29:16.084230
814460060,,2023-07-21 06:32:29.304955
817306499,,2023-07-21 09:14:18.634935
817456385,,2023-07-21 07:21:13.635783
820556058,,2023-07-21 07:00:43.648439
823022932,,2023-07-21 10:46:43.128643
826610988,,2023-07-21 10:38:16.624300
829699568,,2023-07-21 07:29:15.441223
831810076,,2023-07-21 06:37:25.260461
834400873,,2023-07-20 12:40:34.186988
835589338,,2023-07-20 06:57:00.810752
837280684,,2023-07-20 06:04:51.452111
838039512,,2023-07-20 12:07:03.940670
838469875,,2023-07-21 19:19:02.683104
838887822,,2023-07-21 07:31:45.160227
839816048,,2023-07-21 06:41:15.690569
843852320,,2023-07-21 12:17:37.497985
845720350,,2023-07-21 12:28:45.590801
846961880,,2023-07-21 08:10:16.351272
849077311,,2023-07-21 19:19:45.944591
851510065,,2023-07-21 07:07:45.870332
851874232,,2023-07-21 07:57:44.985941
855867574,,2023-07-21 06:31:32.220310
856043382,,2023-07-20 16:46:37.299530
858153569,irasimona,2023-07-20 06:07:10.765181
859222585,,2023-07-20 16:47:28.540523
862730609,,2023-07-21 06:40:05.514535
870006533,,2023-07-21 06:32:33.570194
875126409,,2023-07-20 06:05:46.264449
875607037,,2023-07-20 17:34:18.836402
883192101,,2023-07-21 07:25:43.516328
895354914,,2023-07-21 06:34:31.417655
900418251,,2023-07-21 10:46:51.845178
902185832,,2023-07-20 08:17:23.547077
905737768,,2023-07-20 06:10:28.951306
906985644,,2023-07-20 11:34:59.250668
908358569,,2023-07-20 06:10:24.757703
908398769,,2023-07-21 10:45:58.962789
908870420,,2023-07-21 06:50:51.972934
909183681,,2023-07-21 17:21:48.578154
913846336,,2023-07-20 09:22:04.289660
917527110,,2023-07-20 16:57:11.457077
922573310,,2023-07-21 06:36:43.609980
926397777,,2023-07-21 10:02:24.954241
926731876,,2023-07-21 16:20:35.348232
934323889,,2023-07-21 11:53:04.838251
934433381,,2023-07-20 06:06:56.617106
935035864,,2023-07-20 09:16:14.241845
938925106,,2023-07-20 06:11:14.205698
940368224,,2023-07-20 06:18:11.617443
941546224,,2023-07-21 06:34:03.787374
945910411,,2023-07-20 06:22:17.897874
946313163,,2023-07-20 15:15:06.000395
948808941,,2023-07-21 06:35:05.116400
950408078,,2023-07-21 16:48:49.487481
951316683,,2023-07-21 06:38:40.633551
952063780,,2023-07-21 07:06:35.626041
952228131,,2023-07-21 03:32:53.595812
956524027,,2023-07-21 06:44:57.131514
957332921,,2023-07-20 06:22:14.758492
958949077,,2023-07-20 12:04:09.218952
959832654,,2023-07-21 08:46:33.233892
961635647,,2023-07-20 13:19:01.217009
961654203,,2023-07-21 10:23:40.207787
963430664,,2023-07-20 06:11:04.840904
967571051,,2023-07-21 08:06:55.333461
967920319,,2023-07-21 06:31:15.483276
968573961,,2023-07-20 06:08:10.929023
969555473,,2023-07-21 10:44:07.062864
969976057,,2023-07-20 12:42:11.215150
972112243,Shiroko_izvestno,2023-07-20 09:05:44.575655
982698890,,2023-07-20 20:49:18.333644
984194249,,2023-07-20 17:50:24.220487
984406534,,2023-07-21 10:41:17.774553
986039212,,2023-07-21 06:33:13.885326
986786376,,2023-07-20 07:39:42.790282
987392627,,2023-07-20 08:56:32.775286
989563878,,2023-07-21 10:47:48.902454
991541392,,2023-07-20 12:36:49.465300
991747187,,2023-07-21 06:38:36.917643
993713492,,2023-07-21 07:49:18.721488
994278334,,2023-07-21 06:58:05.551234
996762334,,2023-07-20 06:04:25.151712
996846306,,2023-07-20 06:24:47.801643
997662781,,2023-07-21 15:07:51.778753
999764107,,2023-07-21 07:07:22.170375
1000220300,,2023-07-21 06:31:32.699026
1002067866,,2023-07-20 11:38:27.834643
1004652803,,2023-07-20 06:16:04.247757
1005627523,,2023-07-21 06:40:44.034659
1008209423,,2023-07-21 09:30:15.393164
1009110380,,2023-07-21 10:39:05.368112
1009471729,,2023-07-20 07:22:19.197008
1012853093,,2023-07-21 06:50:43.540539
1013854594,,2023-07-21 11:02:19.582774
1018142314,,2023-07-21 12:10:35.178516
1030404450,,2023-07-21 10:07:18.854750
1034155058,,2023-07-21 06:33:31.424492
1035790859,,2023-07-20 06:51:34.454896
1038846509,,2023-07-20 06:09:53.079614
1039586675,,2023-07-20 06:05:29.334268
1039660214,,2023-07-21 06:40:01.437137
1039970070,,2023-07-21 06:39:03.887355
1040724990,,2023-07-21 10:51:05.336747
1041334522,,2023-07-21 02:49:55.851505
1044223210,,2023-07-21 06:43:34.259639
1044289148,,2023-07-21 06:48:26.285434
1046735827,,2023-07-21 06:33:16.526469
1048309343,,2023-07-20 06:19:28.211266
1052142295,,2023-07-21 06:42:38.168816
1054105556,,2023-07-21 19:00:20.136081
1054986770,,2023-07-21 06:39:35.667202
1055953818,,2023-07-20 13:21:49.602644
1057376827,,2023-07-20 07:45:53.876947
1059642158,,2023-07-20 06:05:31.706354
1060733796,,2023-07-20 09:39:30.473103
1061266348,,2023-07-21 06:53:40.369612
1063184919,,2023-07-20 06:44:06.711581
1065525238,,2023-07-20 13:01:18.500101
1065529635,Mykolayam,2023-07-20 12:19:53.399201
1066857483,,2023-07-21 08:56:34.435961
1067565772,,2023-07-21 07:01:15.492202
1070194193,,2023-07-21 11:04:25.544260
1070247654,sekret8208,2023-07-20 13:00:46.905686
1071014602,,2023-07-20 06:07:04.114669
1073494291,,2023-07-21 06:32:06.299230
1075966191,,2023-07-20 08:08:57.701170
1076443034,,2023-07-21 08:32:08.898054
1077213213,,2023-07-20 06:40:06.416384
1082540856,,2023-07-21 11:04:54.525753
1091327207,,2023-07-21 13:32:25.676308
1093666120,,2023-07-21 06:32:35.229186
1095933042,,2023-07-20 10:51:50.939935
1102986941,,2023-07-21 09:30:16.416309
1104544509,,2023-07-21 11:01:15.613798
1106075004,,2023-07-20 06:11:57.827939
1106119922,,2023-07-21 07:03:44.971860
1107526543,,2023-07-20 07:04:21.458383
1108369928,,2023-07-21 11:04:31.327454
1110992832,,2023-07-21 10:42:15.384295
1114762798,,2023-07-21 03:31:01.039990
1115799716,,2023-07-20 06:23:45.170145
1116323610,,2023-07-21 20:37:54.540958
1116549436,,2023-07-21 20:52:41.395524
1118851173,slawutars,2023-07-21 09:36:09.728394
1119566261,,2023-07-21 10:57:27.596295
1121777650,,2023-07-21 06:31:24.032940
1126311308,,2023-07-21 06:48:52.505309
1134308022,,2023-07-20 11:56:11.803798
1146271726,,2023-07-21 11:50:54.272774
1146894680,,2023-07-20 06:23:41.823249
1148478431,,2023-07-21 12:50:13.064346
1149099031,,2023-07-20 06:12:26.801962
1149839165,,2023-07-21 06:51:05.063372
1154246040,,2023-07-21 07:11:03.911424
1155167969,,2023-07-21 06:32:18.577526
1157921897,,2023-07-20 06:09:22.599731
1158064439,,2023-07-20 11:31:06.699202
1163610694,,2023-07-21 06:33:40.400954
1163864149,,2023-07-21 06:32:32.049589
1171302057,,2023-07-20 06:06:43.920832
1177799097,,2023-07-21 14:39:26.843715
1180803152,,2023-07-21 11:19:14.853917
1187104484,,2023-07-21 10:54:08.480081
1187822966,,2023-07-21 06:35:25.486936
1188785891,,2023-07-21 11:08:44.134175
1191174672,,2023-07-21 07:42:23.158004
1191579137,chervonii,2023-07-20 07:38:09.335595
1192134413,,2023-07-21 06:32:10.012065
1192402702,,2023-07-21 06:34:00.611835
1192465833,,2023-07-21 06:41:26.541415
1195824790,,2023-07-20 06:11:16.737050
1200026925,,2023-07-20 06:10:52.435568
1203211902,kontik336,2023-07-21 07:40:21.408998
1203364356,,2023-07-21 06:32:51.954904
1203712985,,2023-07-21 10:45:08.589388
1204078627,,2023-07-21 10:58:47.604794
1206554876,,2023-07-21 10:49:51.358496
1211056405,,2023-07-21 12:00:12.071798
1212264910,,2023-07-20 06:08:00.759159
1213109587,,2023-07-21 10:38:45.850732
1213935555,,2023-07-21 06:32:57.867806
1217693710,,2023-07-20 06:15:27.661091
1221772715,,2023-07-21 06:43:40.856718
1221886605,,2023-07-21 06:34:58.942730
1228730331,,2023-07-21 09:14:38.573951
1230439735,,2023-07-20 06:55:32.556103
1236666420,,2023-07-21 06:43:11.554713
1237706888,,2023-07-21 07:45:27.861758
1238563801,ksyushka_11,2023-07-21 06:31:42.464114
1243625338,,2023-07-20 12:41:41.224804
1247166426,,2023-07-20 06:06:18.008821
1248298235,,2023-07-20 06:07:54.350061
1252346643,,2023-07-21 06:53:59.702292
1254203126,,2023-07-20 16:02:34.621542
1263294224,,2023-07-20 06:05:24.089459
1270223326,,2023-07-21 14:15:03.981368
1272095101,,2023-07-20 09:10:19.625549
1273573146,,2023-07-21 06:58:55.699076
1273740889,,2023-07-20 06:11:00.500576
1274019684,,2023-07-21 06:59:55.851018
1276488650,,2023-07-21 07:09:42.534581
1277947072,,2023-07-21 18:30:56.458059
1279021585,uaMaks_FF,2023-07-21 10:38:13.367750
1289430870,,2023-07-21 10:49:11.714812
1291410658,,2023-07-20 08:29:55.797283
1292136479,,2023-07-21 08:20:24.718669
1293032023,,2023-07-21 12:49:11.538069
1297359986,,2023-07-20 09:38:48.761115
1299257592,,2023-07-21 11:56:17.740347
1302355583,,2023-07-21 10:37:23.309906
1302530343,,2023-07-20 06:10:54.371978
1307098671,,2023-07-21 06:31:19.096110
1308933838,,2023-07-21 08:28:39.249099
1310382438,,2023-07-21 09:25:10.193255
1316781120,,2023-07-20 11:16:33.441384
1320455073,,2023-07-21 07:03:25.271725
1320648529,ALNIRAM,2023-07-20 06:19:37.206310
1325124241,,2023-07-20 06:16:23.921917
1329310396,,2023-07-20 06:50:16.097117
1330875071,,2023-07-21 06:36:09.319279
1331497552,,2023-07-20 11:54:47.095676
1334165479,,2023-07-21 06:34:45.703348
1336764244,,2023-07-20 06:05:13.760022
1340374963,,2023-07-20 08:18:01.996006
1341623943,,2023-07-21 06:56:44.476330
1349703264,,2023-07-21 14:26:24.498649
1349944219,,2023-07-21 06:31:55.857358
1351100702,,2023-07-21 08:16:55.201802
1351229154,,2023-07-20 11:37:52.172841
1352584861,,2023-07-21 07:43:36.215327
1353847961,,2023-07-21 10:42:40.331177
1354161410,,2023-07-20 06:14:47.369967
1356067508,,2023-07-20 11:32:53.288569
1357753867,,2023-07-21 06:35:51.408983
1364703942,,2023-07-20 07:28:38.388785
1367173626,,2023-07-21 10:51:29.490126
1371104141,,2023-07-21 07:41:48.734799
1378379652,,2023-07-20 06:10:01.576860
1381450111,,2023-07-21 11:03:19.784418
1387081222,,2023-07-21 07:32:11.013159
1387750969,,2023-07-20 06:45:00.534795
1390076500,,2023-07-21 06:52:18.891535
1390874370,Galinka_karamelka,2023-07-21 07:18:13.770766
1390933292,,2023-07-21 10:39:57.151919
1391157070,,2023-07-21 06:41:53.995033
1395005099,,2023-07-21 13:44:18.449947
1395818740,,2023-07-21 10:40:06.211661
1396076055,,2023-07-20 06:29:18.188877
1399949236,,2023-07-21 06:56:29.863890
1403742136,,2023-07-20 11:31:11.537834
1404683316,,2023-07-20 06:06:34.792561
1405302395,,2023-07-20 11:59:19.546983
1408561776,,2023-07-20 06:20:04.811746
1413821335,,2023-07-20 15:57:52.218020
1420232397,,2023-07-21 10:41:43.856444
1421310738,,2023-07-21 06:47:52.234981
1424424227,,2023-07-21 06:50:25.709026
1425284846,Valentina_1233,2023-07-20 06:24:01.001618
1427124747,,2023-07-21 11:12:52.591403
1430838955,,2023-07-21 11:31:20.228260
1430929808,,2023-07-20 12:10:34.580255
1433018191,,2023-07-20 06:51:42.207547
1437882416,,2023-07-20 06:22:33.533010
1439679638,,2023-07-20 11:37:57.252863
1443154863,,2023-07-21 06:38:50.331612
1443835187,,2023-07-21 07:45:59.297887
1451042864,SONERhui,2023-07-21 08:10:44.109704
1451906836,,2023-07-20 17:13:16.208025
1458244828,snruev,2023-07-21 06:50:03.944929
1458593247,,2023-07-20 06:04:11.814926
1459338288,,2023-07-21 10:45:31.161252
1461864314,,2023-07-20 06:39:48.476350
1462270361,,2023-07-20 06:13:00.633997
1466847128,,2023-07-21 08:03:31.298153
1467592075,,2023-07-21 10:42:57.134395
1469211163,,2023-07-21 06:32:34.473622
1470724161,,2023-07-21 10:45:59.149589
1472133967,,2023-07-20 07:26:21.297805
1472159006,,2023-07-21 08:20:56.880784
1472964252,,2023-07-21 10:43:02.892178
1473928904,,2023-07-20 07:21:25.717043
1474109969,,2023-07-20 06:10:54.556680
1474839966,,2023-07-20 12:16:50.348150
1475031798,,2023-07-20 07:20:24.662457
1477018479,,2023-07-21 09:05:18.147531
1484599165,,2023-07-21 07:59:33.111534
1487245385,,2023-07-21 08:13:08.385269
1487916756,,2023-07-20 16:06:26.115861
1499445197,,2023-07-21 07:01:04.773026
1499756521,,2023-07-21 18:07:18.509698
1503697724,,2023-07-20 06:10:36.314981
1512532622,Darixxzw,2023-07-20 06:22:52.268685
1515409707,,2023-07-21 10:41:30.458834
1522838169,,2023-07-21 10:38:16.984239
1526769569,,2023-07-21 09:17:54.997186
1527743385,,2023-07-20 16:48:55.498061
1528711929,,2023-07-20 06:17:13.217329
1529164072,,2023-07-21 11:04:59.824249
1532546890,,2023-07-21 09:52:42.960910
1545813885,,2023-07-21 06:38:15.205840
1549793130,,2023-07-20 06:06:24.590629
1555606520,,2023-07-20 08:13:40.758047
1555978287,,2023-07-20 09:04:28.712272
1571759675,,2023-07-21 07:17:41.473204
1575184467,,2023-07-21 06:47:03.620135
1586365511,,2023-07-21 09:17:34.635525
1587500059,,2023-07-20 06:23:44.650001
1596379606,,2023-07-20 06:10:08.951661
1600049513,Oleksandr19630101,2023-07-21 06:33:59.796316
1605922156,,2023-07-21 14:26:26.639844
1613591688,,2023-07-21 10:59:26.941084
1614692835,,2023-07-20 06:05:30.916106
1618423742,,2023-07-21 14:29:58.202597
1621073420,,2023-07-20 09:09:00.575121
1624949110,,2023-07-20 11:34:55.767517
1630052057,,2023-07-20 06:09:07.351890
1630770200,,2023-07-21 11:49:00.800168
1632328271,YevheniiaOvsiienko,2023-07-21 11:07:54.561795
1633273787,,2023-07-20 06:30:28.724468
1636343223,,2023-07-21 10:52:42.543389
1637560179,,2023-07-20 06:53:59.943160
1640707117,chess7739,2023-07-21 06:31:12.937104
1642682898,,2023-07-21 06:41:26.991322
1650788767,,2023-07-20 12:48:27.111588
1653189532,,2023-07-20 06:07:28.017011
1653577340,,2023-07-21 07:26:47.913414
1656623230,,2023-07-21 06:37:23.059195
1656975803,,2023-07-20 20:35:41.012646
1657771524,,2023-07-21 06:50:20.047190
1660391034,,2023-07-21 06:32:07.773863
1662548737,,2023-07-21 06:46:48.125196
1662899775,,2023-07-20 06:14:40.674897
1663918681,,2023-07-20 06:06:57.562947
1672976240,,2023-07-21 10:38:09.434122
1673644104,,2023-07-21 10:40:01.419192
1674278179,,2023-07-21 06:35:04.520690
1675398106,,2023-07-21 06:31:09.669912
1686849702,,2023-07-20 06:39:57.688442
1695824646,,2023-07-20 06:12:33.894693
1699641875,,2023-07-21 07:29:34.065835
1699976800,,2023-07-21 07:10:37.568813
1701280592,,2023-07-20 06:08:52.003243
1702893514,,2023-07-21 15:00:52.481509
1702982153,,2023-07-21 06:33:11.034011
1704170595,,2023-07-21 11:15:58.108927
1707032771,,2023-07-20 12:11:53.810129
1713413458,,2023-07-21 15:12:20.083136
1713802030,,2023-07-21 10:56:39.589299
1716438605,,2023-07-21 11:57:44.133076
1717189397,,2023-07-20 08:07:33.422771
1718804031,,2023-07-21 07:04:13.033614
1718850220,,2023-07-21 10:37:53.863796
1721773353,,2023-07-21 06:44:31.251474
1722782925,,2023-07-20 18:15:48.891573
1730059976,,2023-07-21 06:32:45.334839
1730869470,,2023-07-21 10:49:08.506751
1736875930,,2023-07-21 08:13:41.929753
1740279185,,2023-07-20 06:54:55.218809
1743553217,,2023-07-21 08:10:14.514774
1746338526,,2023-07-20 06:09:17.003983
1753023489,,2023-07-21 07:02:10.635776
1754765049,,2023-07-21 10:46:21.483429
1754975762,,2023-07-20 20:17:00.531471
1756122371,,2023-07-20 08:29:04.977920
1759999117,,2023-07-21 06:45:23.699334
1760440050,,2023-07-21 06:36:29.921178
1761517367,,2023-07-21 09:14:17.721513
1761567443,,2023-07-21 07:29:17.970099
1761953974,,2023-07-21 11:33:34.542243
1768564467,,2023-07-21 10:43:37.200310
1770081464,,2023-07-21 11:09:43.844582
1772387289,,2023-07-21 07:33:44.320884
1777761999,,2023-07-21 14:49:06.427495
1779455425,,2023-07-21 06:45:00.410346
1782419195,,2023-07-21 15:42:40.477338
1784024636,,2023-07-21 07:31:13.814718
1784051528,,2023-07-21 06:34:25.635404
1786894533,,2023-07-20 09:30:46.040749
1790146009,,2023-07-21 15:12:48.995627
1790281841,,2023-07-21 09:33:01.489082
1796223484,,2023-07-20 06:10:49.716384
1804026523,,2023-07-21 06:37:01.086971
1804703191,,2023-07-21 10:48:37.631176
1808523856,,2023-07-20 06:06:16.116199
1812019394,,2023-07-20 09:32:14.157786
1819476315,,2023-07-21 09:01:50.400863
1821259675,,2023-07-21 06:34:02.744561
1825393049,,2023-07-20 06:22:06.931539
1825563506,,2023-07-20 20:00:28.838012
1827968979,,2023-07-21 10:38:18.558910
1832407740,,2023-07-20 09:09:48.202882
1832977804,,2023-07-20 16:47:40.529324
1847452388,,2023-07-20 06:04:51.063331
1854420703,,2023-07-20 06:16:59.514703
1858542892,,2023-07-20 07:42:26.560644
1859252572,,2023-07-21 07:33:47.846478
1862958799,,2023-07-21 10:38:38.115774
1865374233,,2023-07-21 06:35:30.774403
1871525220,,2023-07-20 06:07:10.239231
1872891559,,2023-07-21 06:33:38.771611
1876477384,,2023-07-20 18:56:14.198726
1877598490,,2023-07-20 06:05:44.137780
1881420153,,2023-07-21 10:57:00.342002
1881789562,,2023-07-21 06:34:00.240349
1882293637,,2023-07-21 12:10:48.679879
1882730299,,2023-07-20 06:26:45.185691
1884346581,,2023-07-20 06:12:36.111057
1885966439,,2023-07-21 10:44:53.274892
1888235311,,2023-07-21 10:39:38.952012
1895580626,,2023-07-21 06:31:17.025735
1897120565,,2023-07-21 19:52:35.761583
1897618248,,2023-07-21 07:23:07.052899
1898510451,,2023-07-20 06:04:38.265586
1898705877,,2023-07-21 10:40:58.184287
1900885478,sveta520,2023-07-21 07:48:05.907025
1903459130,,2023-07-21 06:32:31.236700
1904875341,,2023-07-20 13:20:35.780356
1914157063,,2023-07-20 07:03:58.221499
1916046703,,2023-07-21 06:43:15.833257
1916215048,,2023-07-21 06:43:43.876185
1924488171,,2023-07-21 09:03:06.682866
1928740734,,2023-07-21 06:55:41.055517
1929666711,,2023-07-20 08:37:08.025434
1934789944,,2023-07-20 12:40:14.979087
1936287964,,2023-07-21 10:42:08.591087
1940023185,,2023-07-21 11:23:28.125915
1946305180,,2023-07-21 11:00:07.350402
1949770653,,2023-07-21 10:45:51.021425
1951091083,,2023-07-20 09:29:11.220882
1952280800,,2023-07-21 19:41:09.075439
1952454107,,2023-07-20 06:28:31.242303
1954548624,,2023-07-20 15:59:45.901450
1955093589,,2023-07-21 06:48:37.383282
1955101345,,2023-07-20 06:54:21.443316
1960645693,,2023-07-21 06:38:08.211801
1960807373,,2023-07-21 17:21:19.151329
1961308975,,2023-07-20 14:47:19.450589
1962127566,,2023-07-20 11:16:42.677015
1962384311,Lada1960,2023-07-21 06:59:26.307950
1963048556,,2023-07-20 12:03:08.701138
1965266477,,2023-07-21 09:39:04.767517
1965271472,,2023-07-21 06:39:56.772803
1970873179,,2023-07-20 19:49:37.131487
1974262206,,2023-07-21 07:07:35.700982
1976685900,,2023-07-20 06:07:12.129278
1978216731,,2023-07-21 06:58:08.439546
1983304163,,2023-07-21 10:58:59.125947
1984777857,,2023-07-20 06:06:00.658701
1987400357,,2023-07-21 06:40:43.796083
1988124440,,2023-07-21 07:13:59.702161
1993769098,,2023-07-21 08:52:47.346848
2003505553,,2023-07-20 17:41:02.531902
2005828889,,2023-07-21 10:43:28.886833
2006773267,,2023-07-21 07:48:23.784284
2009264317,,2023-07-21 06:36:59.594983
2013264555,,2023-07-20 06:08:47.274000
2016862169,,2023-07-20 06:23:07.444443
2025067096,,2023-07-21 06:35:21.305047
2028548023,,2023-07-20 09:09:05.310367
2028839570,,2023-07-20 07:37:02.677278
2030212709,,2023-07-21 07:00:39.073359
2030727128,,2023-07-20 06:26:54.358751
2031656880,,2023-07-21 11:16:09.726855
2037214686,,2023-07-21 07:03:09.882946
2041168906,,2023-07-20 07:03:12.218287
2041518248,,2023-07-20 16:46:56.223321
2042126517,,2023-07-21 06:33:46.903918
2043280011,,2023-07-21 10:41:11.051157
2045679475,,2023-07-20 06:04:59.035865
2048147092,,2023-07-20 17:01:08.546729
2048526355,,2023-07-20 06:58:05.315407
2049032464,,2023-07-21 07:26:13.281027
2051002557,,2023-07-20 06:07:58.914451
2051255764,,2023-07-21 10:50:56.203678
2052190866,,2023-07-21 10:36:51.847920
2052756057,,2023-07-20 16:03:30.698493
2056375972,,2023-07-20 06:15:01.328528
2060175705,,2023-07-21 07:14:31.070287
2060893264,,2023-07-21 14:03:49.322099
2064224711,,2023-07-20 06:21:33.578348
2066879114,,2023-07-20 06:07:25.290171
2068966530,,2023-07-21 06:35:07.536367
2069833962,,2023-07-21 06:36:57.190684
2072657128,,2023-07-20 06:08:31.097047
2074252621,,2023-07-20 16:07:27.864892
2075450619,,2023-07-21 08:20:12.024235
2076410184,,2023-07-20 15:58:48.839177
2081564220,,2023-07-20 16:07:27.132174
2082367962,,2023-07-20 06:05:45.225805
2085037756,,2023-07-21 06:35:52.446322
2085825257,,2023-07-20 08:47:45.559066
2089535189,,2023-07-20 12:26:24.485779
2090211468,,2023-07-20 06:55:25.548356
2090252970,,2023-07-21 06:36:08.455512
2091310081,,2023-07-21 10:45:09.517272
2091322843,,2023-07-20 08:56:58.850036
2093664120,,2023-07-21 08:26:13.061280
2095423412,,2023-07-21 06:48:08.995724
2097939746,,2023-07-21 07:54:50.296227
2102060094,,2023-07-20 06:19:31.236404
2103420824,,2023-07-21 14:01:34.913704
2106593009,,2023-07-20 12:42:30.520536
2108306347,,2023-07-20 12:22:39.988330
2113651569,,2023-07-21 07:06:55.093404
2119637826,,2023-07-21 10:39:13.950631
2119804244,,2023-07-20 08:29:58.855559
2120926823,,2023-07-21 10:37:40.031288
2123426855,,2023-07-20 09:28:52.929001
2123440340,,2023-07-21 10:38:51.636141
2124424611,,2023-07-20 06:07:43.539619
2131572955,,2023-07-20 12:35:25.322314
2137594073,,2023-07-21 07:48:53.692789
2137688600,,2023-07-20 06:23:37.566709
2141508741,,2023-07-20 07:02:46.601863
2142679096,,2023-07-21 06:36:04.029972
2144484626,,2023-07-21 19:20:58.642351
5002359816,,2023-07-21 06:35:38.854266
5004569210,,2023-07-20 10:54:59.882749
5005428298,,2023-07-21 08:57:39.979703
5006483319,,2023-07-21 06:34:53.244573
5006964657,,2023-07-21 06:52:57.702374
5009533912,,2023-07-21 10:51:28.226779
5010552112,,2023-07-21 06:51:50.348904
5011961131,,2023-07-21 15:55:04.247193
5013634263,,2023-07-21 14:31:49.928321
5014309916,,2023-07-20 06:36:26.147562
5016902055,,2023-07-21 10:46:52.032783
5018216479,,2023-07-21 06:42:19.329250
5019106603,,2023-07-21 06:34:32.822327
5019146755,,2023-07-21 06:34:23.314876
5019359432,,2023-07-20 06:06:14.753171
5019446357,,2023-07-20 06:05:08.149622
5020546356,,2023-07-20 06:09:00.077890
5021851817,,2023-07-21 10:38:50.644368
5022322171,,2023-07-20 21:18:04.118209
5022738018,,2023-07-20 13:47:41.670490
5024093370,,2023-07-20 06:05:36.867868
5024827935,,2023-07-21 11:06:34.989501
5026497787,,2023-07-21 06:59:46.798902
5027012724,,2023-07-20 06:05:50.577013
5027107669,,2023-07-21 08:52:18.973130
5031030562,,2023-07-21 07:31:23.520913
5031341808,,2023-07-21 15:53:09.883021
5032222133,,2023-07-20 08:19:02.520176
5035086489,,2023-07-21 07:46:53.821710
5035822958,,2023-07-20 09:27:48.749272
5037811365,,2023-07-21 06:32:03.429872
5038790801,,2023-07-21 08:54:26.823232
5039723091,,2023-07-20 12:44:54.670214
5042069029,,2023-07-21 06:40:12.052215
5042829494,,2023-07-20 06:34:55.372660
5048904419,,2023-07-21 06:36:22.714523
5050895506,,2023-07-20 06:20:01.437726
5051701285,,2023-07-21 10:43:22.883036
5052968739,,2023-07-20 06:55:38.802463
5053131326,,2023-07-21 07:32:34.146653
5054317694,,2023-07-21 07:24:13.265900
5054702307,,2023-07-21 06:51:13.018658
5060052816,,2023-07-20 11:37:34.246724
5060421541,,2023-07-21 07:21:09.503926
5061506848,,2023-07-21 06:32:09.198152
5062430588,,2023-07-21 21:25:38.297619
5066616212,,2023-07-21 06:44:25.441721
5067913894,,2023-07-20 11:31:05.443784
5069238994,,2023-07-21 06:42:57.670714
5069473894,,2023-07-21 06:38:51.478078
5071861360,,2023-07-21 10:36:46.674518
5072742598,,2023-07-20 16:38:32.783297
5076973662,,2023-07-21 07:08:41.087665
5078911922,,2023-07-21 10:51:00.317246
5079826930,,2023-07-20 06:42:51.472515
5079916130,,2023-07-20 06:20:29.770571
5081840596,,2023-07-21 06:41:43.416794
5082422379,,2023-07-21 06:54:29.826785
5084640154,,2023-07-21 06:33:15.996111
5087044200,,2023-07-20 13:15:45.237210
5087225338,,2023-07-21 10:37:25.811924
5090889981,,2023-07-21 11:53:18.519306
5091557591,,2023-07-21 06:33:11.908719
5094001194,,2023-07-20 15:58:17.075700
5094864826,,2023-07-20 06:11:50.060427
5096480343,,2023-07-21 06:33:37.294279
5096853947,,2023-07-21 17:48:47.053586
5100210341,,2023-07-19 22:11:16.410222
5100430353,,2023-07-20 06:59:39.183856
5100643952,,2023-07-20 12:21:07.047181
5100915570,,2023-07-20 06:13:15.089650
5100988700,,2023-07-21 07:45:18.734364
5101430331,,2023-07-20 07:30:13.494966
5102046908,,2023-07-21 10:56:19.641623
5102214039,,2023-07-21 10:02:35.593983
5102580666,,2023-07-20 08:16:12.200307
5102913918,,2023-07-20 06:09:03.228378
5102958702,,2023-07-21 20:27:49.182964
5103583452,,2023-07-21 10:54:50.661327
5104684360,,2023-07-21 06:51:36.832362
5105156423,,2023-07-21 10:29:52.359711
5105358371,,2023-07-21 07:24:10.851345
5105402586,,2023-07-20 11:58:09.368763
5105636451,,2023-07-21 06:33:42.478941
5105709404,,2023-07-20 06:27:53.133133
5106267251,,2023-07-21 02:23:22.738785
5106293346,,2023-07-20 06:04:18.116145
5108170690,,2023-07-21 06:32:24.222015
5108249860,,2023-07-20 09:48:01.121722
5110211291,,2023-07-20 12:12:52.974456
5110987270,,2023-07-20 11:19:29.539677
5111583553,,2023-07-20 06:17:10.687523
5111993189,,2023-07-20 12:02:09.361994
5112708158,,2023-07-21 11:01:46.067161
5112937165,,2023-07-21 11:15:16.692178
5113426750,,2023-07-20 06:07:59.421256
5113674288,,2023-07-21 09:45:03.425516
5113924104,,2023-07-20 06:05:18.463531
5115106632,,2023-07-21 07:34:55.893422
5115929507,,2023-07-21 08:48:49.328142
5115954109,,2023-07-21 11:35:33.797895
5116855075,,2023-07-20 15:14:59.945898
5116950345,,2023-07-20 16:11:28.591536
5117119057,,2023-07-20 11:42:21.403939
5117337144,,2023-07-21 06:37:15.353429
5117903821,,2023-07-20 18:00:19.526481
5118169519,,2023-07-21 15:42:29.354026
5119126859,,2023-07-20 06:16:00.951800
5119575973,,2023-07-20 11:16:59.119807
5120094754,,2023-07-20 06:09:12.279824
5120840440,,2023-07-21 10:49:41.045288
5120947880,,2023-07-21 12:56:43.312192
5121470681,,2023-07-21 10:54:55.996675
5121847154,,2023-07-20 06:13:03.680791
5121887212,,2023-07-20 07:23:18.492368
5122565068,,2023-07-21 10:55:12.632130
5122934549,,2023-07-21 06:47:00.077514
5123027789,,2023-07-20 18:32:39.143259
5123554686,,2023-07-20 11:39:06.135283
5123857138,,2023-07-21 10:53:40.370433
5124653502,,2023-07-20 06:13:51.374770
5124950349,,2023-07-20 12:08:40.273472
5125002953,,2023-07-21 07:51:37.459628
5125208721,,2023-07-21 07:22:03.482102
5125272925,,2023-07-21 14:42:13.605236
5125278453,,2023-07-21 10:01:16.776940
5127189074,,2023-07-20 06:11:24.849069
5127682673,,2023-07-20 06:09:22.783927
5127969933,,2023-07-20 08:55:02.707901
5128150908,,2023-07-21 06:39:56.588102
5128735298,,2023-07-21 07:17:19.022810
5128832216,,2023-07-20 06:08:44.859173
5130576284,,2023-07-21 08:02:56.088369
5130657385,,2023-07-21 07:25:19.583494
5130924847,,2023-07-21 07:38:17.705906
5130927198,,2023-07-20 15:48:24.463708
5131051781,,2023-07-20 12:51:53.192240
5131882836,,2023-07-20 15:07:13.675341
5132219572,,2023-07-21 12:08:54.289430
5133007915,,2023-07-20 06:05:20.837304
5133323235,,2023-07-21 12:39:24.915382
5133407512,,2023-07-21 08:29:16.291887
5133737391,,2023-07-21 11:54:29.324430
5134443966,,2023-07-21 06:38:07.674512
5134476940,,2023-07-21 15:12:53.790214
5134696310,,2023-07-20 06:07:35.758466
5134843325,,2023-07-21 14:44:11.522041
5134850954,,2023-07-20 16:08:11.715110
5134899147,,2023-07-21 20:35:37.027177
5135111144,,2023-07-20 09:58:30.440812
5135897820,,2023-07-20 16:26:00.646061
5136410565,,2023-07-21 10:44:29.407385
5137694127,,2023-07-21 06:40:44.227075
5137888567,,2023-07-21 10:42:53.447177
5138181453,,2023-07-21 06:46:34.253944
5138245980,,2023-07-21 06:52:17.006681
5138554911,,2023-07-20 12:00:46.789796
5138856692,,2023-07-20 16:19:53.074735
5139996190,,2023-07-21 10:40:52.904709
5140034178,,2023-07-20 06:28:01.333721
5140043493,,2023-07-20 20:24:24.545784
5140737400,,2023-07-21 06:31:57.873474
5140740434,,2023-07-21 11:01:20.995213
5141310740,,2023-07-21 15:15:52.462975
5141716662,,2023-07-21 10:47:45.174921
5141797671,,2023-07-20 06:09:10.856449
5141903774,,2023-07-21 10:54:55.516412
5141953810,N_1ch1chka,2023-07-21 11:53:26.757097
5142472385,,2023-07-21 13:44:06.474962
5142679085,,2023-07-20 12:23:08.048506
5144432728,,2023-07-21 06:36:56.814753
5145029421,,2023-07-21 10:38:40.706190
5146146616,,2023-07-20 06:09:11.700708
5146292040,,2023-07-21 17:01:35.546167
5146556851,,2023-07-21 20:37:11.955988
5146828075,,2023-07-21 06:51:52.104008
5147592304,,2023-07-20 06:06:43.734914
5147750985,,2023-07-21 11:31:56.539131
5147823941,,2023-07-20 06:04:46.460337
5147863892,,2023-07-21 14:33:16.208904
5147914854,,2023-07-21 21:07:47.647357
5148663211,,2023-07-21 16:25:02.180918
5148798985,,2023-07-21 06:31:56.042944
5149349117,,2023-07-21 09:20:18.449568
5149695709,,2023-07-21 10:52:17.503466
5150041788,,2023-07-20 09:09:27.018787
5150452339,darveik,2023-07-20 18:14:11.201378
5150785085,,2023-07-20 12:42:10.858977
5151274323,,2023-07-21 06:31:43.461806
5151426971,,2023-07-21 16:29:46.109668
5151549396,,2023-07-20 06:27:37.358092
5151633026,,2023-07-20 18:18:35.589748
5151796225,,2023-07-21 14:18:13.821669
5152079874,,2023-07-21 17:38:43.393427
5152445270,,2023-07-21 07:20:36.644873
5152702240,,2023-07-21 07:48:29.193228
5153279445,,2023-07-20 06:05:18.827903
5153351526,,2023-07-21 06:47:44.978996
5154298749,,2023-07-21 09:13:36.864117
5154762331,,2023-07-21 06:36:58.870579
5154951599,,2023-07-21 07:22:33.171978
5155147473,,2023-07-20 06:19:05.850878
5155597653,,2023-07-20 17:42:30.376080
5155994126,,2023-07-21 08:49:57.761748
5156203575,,2023-07-20 06:48:48.332720
5156237925,,2023-07-21 06:33:52.039442
5156562750,,2023-07-21 06:49:05.692697
5156577587,,2023-07-21 10:59:18.481884
5156699771,,2023-07-21 09:04:59.675919
5156735070,,2023-07-21 11:21:40.902598
5156764433,,2023-07-21 11:05:43.602089
5157274552,,2023-07-21 16:51:12.348723
5157597116,,2023-07-20 06:11:17.864136
5157869476,,2023-07-21 09:17:55.339593
5158276583,,2023-07-21 06:54:49.006042
5158647855,,2023-07-20 12:00:37.568689
5159075943,,2023-07-20 14:37:44.445833
5160214034,,2023-07-20 09:29:05.046959
5160713607,,2023-07-20 06:39:00.638032
5161073326,,2023-07-21 06:57:06.431551
5161420185,,2023-07-21 06:05:14.627076
5162344340,,2023-07-20 15:17:39.305200
5162754655,,2023-07-21 14:07:22.147437
5162817613,,2023-07-21 07:25:24.509230
5163073104,,2023-07-21 11:17:14.325248
5163201899,,2023-07-21 06:37:20.183608
5163364266,,2023-07-20 06:12:20.141014
5163562899,,2023-07-21 13:39:19.861229
5163880508,,2023-07-20 06:07:58.492128
5164091374,,2023-07-21 08:47:53.551950
5165131982,,2023-07-20 06:19:47.031060
5166454645,,2023-07-21 11:09:33.785727
5166703679,,2023-07-20 06:13:37.089667
5166923736,,2023-07-20 06:09:53.563801
5167454298,,2023-07-21 09:21:23.262838
5167576354,,2023-07-20 06:24:08.532622
5168706053,,2023-07-21 13:04:23.677947
5169689516,,2023-07-21 10:51:51.356867
5169935376,,2023-07-21 06:53:53.390971
5169962040,,2023-07-20 06:31:45.655841
5169981928,,2023-07-21 13:43:26.780668
5170089624,,2023-07-20 06:06:18.558885
5171009176,,2023-07-21 07:48:58.757437
5171193612,,2023-07-21 07:52:03.304200
5171873066,,2023-07-20 09:15:08.205043
5172474532,kelia99,2023-07-21 06:55:35.021580
5173085042,,2023-07-21 20:24:47.738508
5173675505,,2023-07-20 06:07:41.098713
5174185499,,2023-07-21 06:35:08.728280
5174200961,,2023-07-20 07:10:45.604458
5175681799,,2023-07-21 11:42:32.020491
5176109872,,2023-07-21 12:49:18.250330
5176222685,,2023-07-21 11:21:52.902004
5176292008,,2023-07-21 09:44:42.193534
5176335905,,2023-07-21 10:41:10.865343
5176630622,,2023-07-21 10:37:14.579760
5176813098,,2023-07-20 08:17:05.564233
5177926941,,2023-07-21 06:40:41.670486
5178159932,,2023-07-21 11:09:20.938135
5178384666,,2023-07-20 07:16:23.509199
5178566950,,2023-07-21 06:45:25.032506
5179730750,,2023-07-21 09:38:50.719473
5180386141,,2023-07-21 10:39:56.794215
5180493525,,2023-07-20 13:05:46.037498
5181439512,,2023-07-20 06:09:24.835665
5181730927,,2023-07-20 07:09:56.933548
5181738732,,2023-07-21 08:45:13.508524
5181988506,,2023-07-20 19:46:04.258201
5182033022,,2023-07-20 07:44:10.294231
5182632939,,2023-07-21 10:50:22.206047
5183203131,,2023-07-21 08:01:02.814984
5183419391,,2023-07-21 07:08:46.658231
5183915020,,2023-07-21 10:52:23.289494
5184224683,,2023-07-20 06:36:19.079348
5184457359,,2023-07-20 06:32:33.959741
5184764157,,2023-07-21 06:34:50.998925
5185618203,Adidirik,2023-07-20 06:18:31.393487
5185931515,,2023-07-21 17:53:28.191709
5186293052,,2023-07-20 06:05:28.881027
5186326129,,2023-07-20 12:09:27.083358
5187366268,,2023-07-21 06:59:40.637283
5187541440,,2023-07-19 22:44:38.352899
5188492665,,2023-07-21 06:45:37.235781
5189127657,,2023-07-21 09:49:11.128491
5189269465,,2023-07-20 16:00:57.160769
5189296840,,2023-07-21 06:34:00.625233
5190099849,,2023-07-21 10:37:28.788172
5190148980,,2023-07-21 06:43:44.986507
5190358585,,2023-07-21 10:59:19.779009
5191150651,,2023-07-21 06:59:00.316436
5192783179,,2023-07-21 09:17:38.442332
5193041516,,2023-07-21 08:30:43.353232
5195362354,,2023-07-21 06:49:26.937381
5195474376,,2023-07-21 07:03:08.517033
5195935920,,2023-07-21 06:24:58.898401
5196388429,,2023-07-21 11:23:25.796949
5196533552,,2023-07-20 17:05:46.887019
5197388225,,2023-07-21 10:43:46.994912
5197547466,,2023-07-20 06:24:53.686363
5198033383,,2023-07-20 06:42:43.553366
5199503777,,2023-07-20 06:17:55.308208
5199798169,,2023-07-21 10:37:51.464574
5200053468,,2023-07-21 06:39:57.190043
5200788592,,2023-07-21 16:26:57.262359
5202394767,,2023-07-20 11:31:24.343697
5203047778,,2023-07-21 13:55:26.166198
5203302782,,2023-07-20 06:18:08.960526
5204479603,,2023-07-21 09:41:19.668003
5204513177,,2023-07-21 06:49:55.695149
5205160883,,2023-07-20 09:57:59.698634
5205601953,,2023-07-21 06:46:47.368091
5207794547,,2023-07-21 18:41:11.870623
5208456467,,2023-07-20 06:29:15.854010
5208466421,,2023-07-20 09:41:27.339528
5208549404,,2023-07-21 06:45:27.585047
5208631288,,2023-07-20 16:13:25.810011
5208874309,,2023-07-21 15:04:21.736885
5209096374,,2023-07-20 06:07:23.720167
5209883928,,2023-07-21 10:38:18.365945
5210534027,,2023-07-21 10:38:25.488005
5210559891,,2023-07-20 07:42:26.193896
5211875812,,2023-07-20 17:51:58.505519
5212096169,,2023-07-21 07:05:33.289584
5212531363,,2023-07-21 06:45:43.780588
5212945171,,2023-07-21 07:05:52.443660
5214489770,,2023-07-21 08:47:30.858137
5215184330,,2023-07-21 06:47:39.987816
5215688327,,2023-07-21 11:28:22.305744
5215865109,,2023-07-20 06:06:18.196841
5216358573,,2023-07-20 12:04:38.218602
5217046266,,2023-07-20 09:07:56.708739
5217338454,,2023-07-21 06:40:57.100356
5218632403,,2023-07-21 20:29:25.008485
5218999992,,2023-07-21 07:34:13.195201
5219738264,,2023-07-21 07:00:59.296646
5221555567,,2023-07-21 05:41:22.297154
5222180935,,2023-07-20 06:19:33.850865
5223620186,,2023-07-21 10:47:04.377064
5224257087,,2023-07-21 06:47:23.149349
5224507538,,2023-07-21 06:32:14.907516
5224931640,,2023-07-20 07:38:06.609748
5225595296,,2023-07-20 11:11:45.794071
5225912059,,2023-07-20 06:22:42.567329
5226313913,,2023-07-21 11:18:43.458664
5226554816,,2023-07-20 06:17:55.101791
5226832452,,2023-07-21 11:20:36.429794
5226961862,,2023-07-20 12:12:39.825750
5228436827,,2023-07-21 11:05:08.626074
5228695898,,2023-07-21 08:51:09.729312
5229155446,,2023-07-21 06:33:28.529747
5229927716,,2023-07-21 10:51:50.670446
5230138773,,2023-07-20 06:10:18.930415
5230422093,,2023-07-21 10:05:18.559759
5231734579,,2023-07-20 06:48:33.004455
5232359639,,2023-07-20 06:09:06.258920
5232755822,,2023-07-21 07:52:28.158150
5233464308,,2023-07-20 06:11:45.819144
5233546431,Galina_Sea,2023-07-20 06:16:39.579774
5234168548,,2023-07-21 06:45:43.965808
5234777076,,2023-07-21 13:40:36.945224
5235025324,Irena7693,2023-07-20 17:25:42.599959
5235223957,,2023-07-21 07:21:16.413488
5235750914,,2023-07-21 06:33:06.363106
5236795297,,2023-07-20 06:12:55.007713
5236913799,,2023-07-21 09:28:44.062972
5237198750,,2023-07-20 06:05:17.083136
5237319256,,2023-07-20 07:29:53.787172
5237619513,,2023-07-21 10:51:51.808889
5237631499,,2023-07-20 16:01:39.080767
5237782662,,2023-07-21 10:58:06.403427
5238702017,,2023-07-21 06:46:03.301555
5238805907,,2023-07-20 06:32:28.588643
5239135424,,2023-07-20 06:56:54.809836
5239903337,,2023-07-20 12:31:54.718058
5240111137,,2023-07-20 06:14:45.965579
5240640175,,2023-07-20 06:16:28.402384
5240843912,,2023-07-20 13:59:44.194405
5241001493,,2023-07-21 06:31:06.195573
5242117543,,2023-07-21 07:11:49.692830
5242764441,,2023-07-21 10:57:13.316620
5242812579,,2023-07-20 06:08:25.489353
5242883865,,2023-07-21 12:14:07.331406
5243066236,,2023-07-20 16:42:39.517937
5243297374,,2023-07-21 11:31:28.155814
5243620242,,2023-07-21 11:04:39.222934
5243922167,,2023-07-20 13:26:09.637880
5244372884,,2023-07-21 09:05:13.941037
5245122778,,2023-07-21 08:12:38.546912
5245157883,,2023-07-21 10:53:25.723591
5245649484,,2023-07-21 06:46:48.863841
5246217320,,2023-07-21 17:32:07.856689
5246539184,,2023-07-20 09:48:13.856071
5247486111,,2023-07-20 06:18:19.972752
5248193357,,2023-07-20 11:56:04.207265
5248960282,,2023-07-20 06:25:56.465734
5249228621,MarinaSenchilo,2023-07-21 06:51:18.010917
5249238507,,2023-07-21 06:35:26.514611
5249273407,,2023-07-20 06:12:14.191214
5249388090,,2023-07-20 06:16:25.589650
5249891479,,2023-07-20 11:32:33.127089
5250845226,,2023-07-21 13:14:28.925880
5250982295,,2023-07-21 06:58:00.013186
5251059553,,2023-07-20 06:05:57.141527
5251550210,,2023-07-21 10:42:03.807824
5251642535,,2023-07-20 06:38:44.435604
5251806261,,2023-07-21 06:45:21.088862
5251969924,,2023-07-21 06:33:28.717189
5252013475,,2023-07-20 08:00:23.572481
5252082744,,2023-07-20 06:51:08.989576
5253783358,,2023-07-20 09:08:42.811603
5253831197,,2023-07-20 06:11:47.121608
5254060970,,2023-07-21 07:48:28.296087
5255445327,,2023-07-21 11:44:58.828281
5256164319,,2023-07-21 08:48:07.550497
5256978742,,2023-07-21 07:44:00.503383
5257611904,,2023-07-21 08:23:02.123432
5258142344,,2023-07-21 07:00:47.850437
5258636311,,2023-07-21 14:38:28.910993
5258639663,,2023-07-21 16:06:47.370355
5258692031,,2023-07-21 06:41:39.994591
5259064113,,2023-07-20 06:08:32.529777
5259065207,,2023-07-21 08:31:30.011067
5259366785,,2023-07-20 06:24:34.522217
5259723904,,2023-07-21 13:27:32.643206
5259750483,,2023-07-20 06:11:15.858725
5260355651,,2023-07-20 11:38:00.020538
5260873412,,2023-07-21 19:09:48.319520
5261858451,,2023-07-21 13:44:08.953301
5261968787,,2023-07-21 07:22:50.966544
5262884469,,2023-07-20 07:14:31.469784
5264088880,,2023-07-21 10:40:52.553176
5264232034,,2023-07-21 10:41:19.958691
5265069279,,2023-07-20 07:26:44.714662
5265741346,,2023-07-20 19:17:53.877375
5266075822,,2023-07-21 06:34:03.597095
5266752050,,2023-07-20 12:04:52.283845
5266884360,,2023-07-21 10:52:57.777421
5267057938,,2023-07-21 06:35:38.669962
5267207507,,2023-07-21 10:47:57.454770
5267440150,,2023-07-20 08:45:40.867417
5267723488,,2023-07-21 10:59:09.775219
5268184972,,2023-07-20 14:35:58.990490
5269063190,,2023-07-21 06:32:05.904548
5269159297,,2023-07-21 09:05:17.892693
5270343230,,2023-07-20 08:22:26.581463
5270422369,,2023-07-21 06:32:31.423438
5270598659,,2023-07-21 08:31:23.029592
5271146074,Ivagov85,2023-07-20 11:59:05.234924
5271480219,,2023-07-21 06:37:42.253905
5271528904,,2023-07-20 18:29:25.456939
5271679220,,2023-07-21 10:47:59.113389
5271772772,,2023-07-20 09:10:27.196117
5272172802,,2023-07-20 06:06:21.915069
5272768088,,2023-07-20 06:42:07.431082
5272783933,,2023-07-20 09:05:05.044028
5273134649,,2023-07-21 10:39:25.447449
5273417617,,2023-07-21 10:37:54.431228
5273805143,,2023-07-21 04:17:32.502235
5275030130,,2023-07-21 09:08:53.953608
5275138113,,2023-07-20 10:08:08.783471
5275150514,,2023-07-21 11:56:49.399727
5276284059,,2023-07-21 07:11:11.488571
5277076771,,2023-07-21 10:59:54.522077
5278215023,,2023-07-21 07:25:46.336636
5279301883,,2023-07-21 17:35:05.755238
5279523122,,2023-07-20 06:28:59.471519
5281291666,,2023-07-20 08:06:54.085853
5281811911,,2023-07-21 11:29:03.742187
5281973203,,2023-07-20 07:31:47.607710
5282437423,,2023-07-21 10:46:00.744808
5283327433,,2023-07-21 10:33:16.844754
5283588419,,2023-07-21 09:23:46.545711
5285498954,,2023-07-20 06:10:47.264273
5285548006,,2023-07-20 16:40:04.258470
5285635481,,2023-07-21 06:50:16.865391
5285651571,,2023-07-20 11:41:11.139112
5285710229,,2023-07-20 09:34:06.896824
5285830676,,2023-07-20 08:26:18.189202
5286098591,,2023-07-21 08:30:38.874957
5286461404,,2023-07-21 06:43:51.872718
5286646465,,2023-07-21 10:47:54.422492
5286842533,,2023-07-21 07:55:29.604374
5287587959,,2023-07-21 06:37:00.726912
5287620789,,2023-07-20 06:10:15.356038
5287770155,,2023-07-21 06:47:06.624863
5288170353,,2023-07-21 06:45:55.910024
5289544615,,2023-07-20 16:10:47.810950
5289834525,,2023-07-21 10:38:49.148441
5289877603,,2023-07-21 11:22:44.143950
5290129385,,2023-07-20 12:56:26.469162
5290958014,,2023-07-21 14:10:02.142846
5290987809,,2023-07-21 11:42:07.562607
5291060026,,2023-07-20 08:08:26.932318
5291131082,,2023-07-21 09:59:26.391070
5291659320,,2023-07-21 10:38:27.827961
5291816201,,2023-07-21 10:35:03.307342
5291966607,,2023-07-21 08:48:56.982316
5292328785,,2023-07-21 06:42:31.403987
5292750932,,2023-07-21 09:02:12.830864
5293297359,,2023-07-21 06:37:51.279782
5294402971,,2023-07-21 15:50:06.599660
5294455114,,2023-07-21 06:38:46.701946
5294673448,,2023-07-21 12:24:14.481971
5294747640,,2023-07-21 07:30:55.833600
5294769243,,2023-07-21 06:34:24.156792
5294771925,,2023-07-21 07:02:18.544433
5294954393,,2023-07-21 10:37:48.486149
5295037329,,2023-07-20 11:44:56.489539
5295162268,,2023-07-20 13:06:06.069887
5295820158,,2023-07-21 06:37:07.349989
5296019580,,2023-07-20 19:50:02.361036
5296535071,,2023-07-21 11:08:21.240652
5296574953,,2023-07-21 18:44:29.688346
5296967286,,2023-07-20 08:03:42.232005
5297353647,,2023-07-20 14:15:28.899761
5297710786,,2023-07-21 10:38:50.901935
5297961968,,2023-07-20 06:08:21.681646
5297971046,,2023-07-21 06:35:16.348408
5298782433,,2023-07-20 12:39:26.282404
5298844843,,2023-07-21 19:15:00.998695
5299543457,,2023-07-21 07:50:11.398975
5300535045,,2023-07-20 21:05:39.866974
5300593040,,2023-07-21 06:53:07.278323
5302020234,,2023-07-21 06:44:37.882946
5302357682,,2023-07-21 11:53:51.820937
5304102103,,2023-07-20 06:04:48.711374
5306619920,,2023-07-20 17:42:41.832768
5308943930,,2023-07-21 13:36:01.779721
5309716345,,2023-07-21 08:28:09.593822
5310340056,,2023-07-21 06:32:10.437488
5312440117,,2023-07-20 13:48:00.019672
5312802663,,2023-07-21 12:29:19.754193
5312826762,,2023-07-20 12:11:25.909055
5314440078,,2023-07-20 06:22:54.987312
5315678075,,2023-07-21 10:51:07.042700
5316436580,,2023-07-20 20:18:15.221673
5317258732,,2023-07-20 13:15:11.205198
5317748238,,2023-07-21 06:53:53.576834
5319424621,,2023-07-21 06:33:14.424175
5320101911,,2023-07-21 10:50:32.086416
5321536019,,2023-07-21 12:05:01.759817
5322907595,,2023-07-20 06:06:27.329313
5322953496,,2023-07-21 06:49:21.125482
5323054781,,2023-07-21 07:46:08.373204
5324495400,,2023-07-21 06:35:51.223452
5325185045,,2023-07-21 16:02:57.558687
5326700015,,2023-07-21 07:09:32.138324
5326849126,,2023-07-20 06:16:03.806145
5326947258,,2023-07-21 06:32:02.882549
5330612262,,2023-07-20 09:22:01.122889
5330662846,,2023-07-21 09:12:43.467113
5331049500,,2023-07-20 13:16:10.492112
5332318399,,2023-07-21 10:38:16.048813
5333179250,,2023-07-20 06:05:48.099274
5333572233,,2023-07-20 07:35:38.867156
5333719635,,2023-07-20 16:14:09.685567
5334404498,,2023-07-21 18:51:30.697531
5335756584,,2023-07-21 06:31:52.485494
5336089848,,2023-07-21 06:39:38.137150
5338374075,,2023-07-21 18:39:45.751681
5338544120,,2023-07-21 10:50:32.577222
5342219894,,2023-07-20 13:24:55.646179
5347076766,,2023-07-21 08:38:59.134504
5348706388,,2023-07-21 06:32:37.094745
5348960868,,2023-07-21 06:52:18.407554
5349273653,,2023-07-20 06:12:08.435407
5350631201,,2023-07-21 06:48:46.056429
5351388149,,2023-07-20 06:55:39.206880
5351956116,,2023-07-21 10:59:50.715920
5353110076,,2023-07-20 11:35:32.499792
5354235463,,2023-07-21 10:49:19.451902
5354779396,,2023-07-20 11:44:48.017555
5356168412,,2023-07-21 06:35:44.119255
5359202844,,2023-07-21 06:42:47.827650
5361823134,,2023-07-20 06:24:40.178287
5362615970,,2023-07-21 08:41:39.652091
5362754112,,2023-07-21 07:59:33.837562
5363434533,,2023-07-21 06:34:15.612048
5364755778,,2023-07-21 10:41:35.028474
5365456439,,2023-07-20 06:27:43.592507
5365941583,,2023-07-20 06:12:56.771237
5366586668,,2023-07-20 06:46:26.607433
5370275340,,2023-07-20 14:17:08.792645
5370436336,Ml195205,2023-07-20 06:05:58.070750
5371009891,,2023-07-21 06:48:06.607507
5371091074,,2023-07-21 08:20:55.119181
5372043576,,2023-07-21 07:41:15.112935
5373989340,,2023-07-20 06:04:55.761781
5374227694,,2023-07-21 09:25:37.980763
5375795631,,2023-07-21 07:44:38.710376
5377817713,,2023-07-21 10:41:15.606069
5377888275,lalaruma,2023-07-20 06:04:30.868354
5377901635,,2023-07-21 08:12:56.281920
5377996163,,2023-07-21 10:37:27.641296
5379968849,,2023-07-20 12:10:28.107932
5380207070,,2023-07-20 10:13:26.220182
5380533058,,2023-07-20 06:28:51.283916
5381461116,,2023-07-21 11:03:47.085110
5384396747,,2023-07-21 11:03:55.807934
5384838759,,2023-07-21 06:38:33.799258
5386181922,,2023-07-21 06:40:58.716968
5387005743,,2023-07-21 12:00:21.382687
5387646322,,2023-07-21 13:13:43.634192
5388903322,,2023-07-21 10:50:36.792327
5390152182,,2023-07-21 15:31:18.817694
5391182580,,2023-07-21 07:01:17.959507
5397595544,,2023-07-21 06:58:23.299584
5397953740,,2023-07-21 12:54:44.730123
5398643702,,2023-07-20 06:30:02.682555
5400171367,,2023-07-20 06:48:23.781509
5401729027,,2023-07-21 08:55:12.852148
5402337604,,2023-07-21 06:32:42.047059
5402424718,,2023-07-20 09:58:08.824177
5406824017,,2023-07-20 09:05:58.140583
5408559480,,2023-07-21 07:55:47.321474
5410274510,,2023-07-21 06:45:29.115343
5410283060,,2023-07-21 08:40:20.746159
5412682457,,2023-07-20 06:53:16.182226
5413912023,,2023-07-21 06:36:05.210491
5416454572,,2023-07-21 06:33:54.236041
5416523783,,2023-07-20 11:40:33.144739
5417292626,,2023-07-21 10:47:36.166399
5417613963,,2023-07-20 06:06:25.780096
5418296628,,2023-07-21 12:01:16.579892
5418888558,,2023-07-21 06:38:22.358579
5422112687,medic9111,2023-07-21 12:17:28.617148
5423410709,,2023-07-21 06:31:43.780233
5425924575,,2023-07-21 10:37:46.530369
5426598195,,2023-07-21 10:50:31.704652
5426625328,,2023-07-20 16:09:26.889825
5426872209,,2023-07-21 12:03:06.875579
5427789720,,2023-07-20 08:56:47.118568
5428498631,,2023-07-21 06:32:39.658298
5428500222,,2023-07-20 06:05:44.321752
5430716524,,2023-07-21 11:10:52.839398
5431060125,,2023-07-20 06:18:08.439341
5431178477,,2023-07-20 06:09:28.448003
5433642769,,2023-07-20 06:06:30.581083
5433769513,,2023-07-21 06:32:52.335323
5436096365,,2023-07-20 06:10:23.634140
5436864843,,2023-07-20 06:15:30.210676
5437895273,,2023-07-21 14:04:58.628988
5437933831,,2023-07-20 06:08:37.297150
5438380586,,2023-07-20 06:07:34.998608
5438795147,,2023-07-20 07:05:39.271020
5439045013,,2023-07-21 11:01:04.294272
5439118963,,2023-07-21 09:28:11.960796
5439781394,,2023-07-21 08:53:40.995222
5440201094,,2023-07-20 14:52:17.696505
5449625344,,2023-07-21 06:42:26.131957
5452097006,,2023-07-20 06:09:14.062835
5452137983,,2023-07-21 06:51:47.278560
5452355994,,2023-07-21 07:35:49.345692
5453761146,,2023-07-20 06:06:00.465599
5456291521,,2023-07-21 07:19:22.954188
5457745354,,2023-07-20 06:45:05.512930
5462940442,,2023-07-21 10:50:42.647104
5463003489,,2023-07-21 06:32:23.419107
5464497287,,2023-07-21 12:17:33.786789
5464597584,,2023-07-21 07:16:01.677887
5465027659,BSerega79,2023-07-20 06:10:16.947352
5465976662,,2023-07-21 10:37:51.689723
5466212962,,2023-07-21 12:15:11.072961
5466466705,,2023-07-21 18:59:21.678127
5467794809,,2023-07-21 07:41:41.804588
5468971513,,2023-07-21 11:28:21.950722
5471648588,,2023-07-19 23:38:24.510560
5471816415,,2023-07-21 06:31:07.805951
5474853378,,2023-07-21 07:21:44.622988
5475240543,,2023-07-21 18:11:04.873193
5476896951,,2023-07-21 10:38:03.027521
5478661716,,2023-07-21 07:26:36.650376
5478871641,,2023-07-21 11:40:30.895116
5479685757,,2023-07-21 06:44:10.933834
5479949043,,2023-07-21 06:34:20.643310
5480177494,,2023-07-21 07:02:28.527895
5482653169,,2023-07-21 06:36:59.781818
5482654116,,2023-07-21 07:03:56.603308
5482746900,,2023-07-21 07:33:31.403732
5483810825,,2023-07-20 06:54:52.510371
5483922004,,2023-07-21 08:22:10.645031
5485754705,,2023-07-21 06:31:26.046571
5485924255,,2023-07-21 06:49:41.125546
5488314680,,2023-07-21 09:43:56.073071
5490542810,,2023-07-21 12:06:38.815898
5491063743,,2023-07-20 06:10:12.919950
5491840267,,2023-07-21 11:58:16.456319
5495565387,,2023-07-20 06:05:34.991540
5496202557,,2023-07-21 12:10:36.219186
5498179698,,2023-07-21 10:59:18.845773
5499130361,,2023-07-20 11:15:39.223132
5503196093,,2023-07-21 06:48:00.773183
5503364864,,2023-07-20 13:21:48.374584
5503636655,,2023-07-20 13:04:29.362354
5504738759,,2023-07-21 11:08:14.100325
5505334809,,2023-07-21 07:49:35.944909
5508067178,,2023-07-20 07:00:24.617310
5512133145,,2023-07-20 15:26:23.174680
5512136558,,2023-07-21 06:32:52.149824
5512195799,,2023-07-21 06:53:45.560449
5513405639,,2023-07-21 10:40:34.498797
5515223135,,2023-07-21 06:37:18.565385
5516202987,,2023-07-20 15:31:32.988816
5518703813,,2023-07-21 10:38:38.682369
5518809992,,2023-07-20 06:06:19.389022
5519598534,,2023-07-21 06:38:39.812437
5520940151,,2023-07-21 06:49:57.687702
5523199842,,2023-07-20 10:57:49.556483
5526748791,,2023-07-20 10:00:40.595801
5528221412,,2023-07-21 07:35:39.433081
5529006946,,2023-07-20 06:10:37.980708
5529199681,,2023-07-21 10:37:45.934056
5531373316,,2023-07-21 07:12:52.746554
5531997649,,2023-07-20 09:04:50.644562
5533220929,oksikravchuk,2023-07-20 06:05:22.587855
5534143039,,2023-07-20 06:21:03.581260
5534360897,,2023-07-21 12:08:52.375902
5534544786,,2023-07-20 06:18:17.624488
5537463204,,2023-07-20 08:58:55.133398
5538128130,,2023-07-20 08:57:59.463805
5538225024,,2023-07-21 10:39:31.477710
5541755955,,2023-07-20 06:10:39.981795
5542989262,,2023-07-21 15:13:28.718740
5546870525,,2023-07-20 07:01:54.741805
5547212715,,2023-07-21 16:35:19.673315
5547673782,,2023-07-21 09:36:25.149334
5547903972,,2023-07-21 08:35:17.834673
5550741048,,2023-07-20 06:04:24.964849
5552966884,,2023-07-21 19:28:12.136715
5553434870,,2023-07-21 08:10:38.341131
5553489100,,2023-07-20 06:09:39.594352
5553947261,,2023-07-20 06:51:21.301326
5556381014,,2023-07-21 10:43:40.415054
5557822133,,2023-07-20 11:54:55.923920
5559071373,,2023-07-20 08:32:05.915968
5559550087,,2023-07-21 11:54:21.849881
5559921451,,2023-07-21 10:45:21.630260
5560121748,,2023-07-20 06:20:48.485925
5560376821,,2023-07-21 10:40:39.331371
5560886028,,2023-07-21 10:40:05.495903
5561166535,,2023-07-20 15:16:19.406260
5562647630,,2023-07-20 09:32:54.399340
5563363787,,2023-07-20 06:54:54.952572
5564197260,,2023-07-21 06:42:17.276301
5564424902,,2023-07-20 06:08:59.395726
5565275061,,2023-07-20 06:08:59.587395
5567513902,,2023-07-20 06:17:01.704515
5567754761,,2023-07-20 11:38:40.368125
5570371146,,2023-07-21 06:35:54.053284
5571858544,,2023-07-21 11:52:59.408401
5574606558,,2023-07-21 15:50:20.233612
5577784353,,2023-07-21 09:10:36.292352
5577929439,,2023-07-21 07:44:58.137426
5578813004,,2023-07-21 10:43:09.121871
5579534036,,2023-07-21 06:57:07.604344
5581027381,,2023-07-20 06:09:47.323035
5582227463,,2023-07-21 06:56:01.249170
5582825011,,2023-07-21 12:03:40.128865
5584361936,,2023-07-21 09:22:09.224413
5586173528,,2023-07-20 06:12:09.339093
5586264574,,2023-07-21 10:51:03.892054
5587001808,,2023-07-21 10:40:15.674990
5587489704,,2023-07-21 11:15:05.299502
5587654090,,2023-07-20 12:03:11.657866
5590751140,,2023-07-20 06:06:34.159653
5591042760,,2023-07-21 07:22:56.425882
5591236029,,2023-07-20 06:08:25.877586
5591520009,,2023-07-21 06:38:07.484931
5594185546,,2023-07-20 06:09:58.615729
5595168890,,2023-07-21 06:36:11.301904
5596713911,,2023-07-20 07:18:38.810089
5597542718,,2023-07-21 10:40:32.781839
5597672909,,2023-07-21 06:44:05.233645
5597828015,,2023-07-20 06:12:54.522623
5598174120,,2023-07-21 14:16:16.222477
5598837553,,2023-07-21 06:42:48.987436
5600805548,,2023-07-21 08:08:19.593478
5600954315,,2023-07-21 10:44:07.981026
5601701654,,2023-07-21 13:05:54.371741
5602497730,,2023-07-21 07:02:45.807117
5606324976,,2023-07-21 07:46:11.569426
5608319702,,2023-07-20 11:33:18.484657
5609262298,,2023-07-21 06:44:07.522896
5611887856,,2023-07-20 15:25:39.906373
5613063828,,2023-07-20 06:08:47.518670
5614585438,,2023-07-21 06:57:00.184510
5614746431,,2023-07-21 10:49:02.293877
5618258521,,2023-07-21 06:46:36.296727
5618511328,,2023-07-20 15:59:57.441327
5618536606,,2023-07-21 06:32:09.382521
5622282097,,2023-07-21 09:26:06.432565
5626987413,,2023-07-20 09:02:12.412269
5627381056,,2023-07-21 07:56:09.816562
5629177755,,2023-07-20 15:33:23.257733
5632618606,,2023-07-21 11:05:42.115397
5633587241,,2023-07-20 06:29:32.256856
5633626555,,2023-07-21 10:10:28.646155
5634405169,,2023-07-20 06:26:46.141238
5636003483,,2023-07-20 07:30:06.826775
5636371278,,2023-07-20 06:13:39.359305
5638271767,,2023-07-21 17:13:07.495081
5639195850,,2023-07-20 06:35:29.337497
5642808015,,2023-07-21 06:52:13.081111
5648521615,,2023-07-21 10:43:51.477746
5648729953,,2023-07-21 06:34:03.010231
5649189063,,2023-07-21 10:57:15.772831
5649985150,,2023-07-21 10:43:02.346417
5650293738,,2023-07-21 09:26:22.346245
5651077972,,2023-07-21 18:50:57.496562
5652251965,,2023-07-21 07:20:57.846706
5653774988,,2023-07-21 11:07:36.536339
5655054297,,2023-07-21 06:34:37.152187
5655841057,,2023-07-21 06:35:10.304862
5656048175,,2023-07-21 06:31:31.642808
5656664844,,2023-07-20 06:29:02.963252
5665822163,,2023-07-20 06:09:09.142908
5665825549,,2023-07-20 07:44:18.040781
5666367650,,2023-07-21 17:21:18.296636
5669821277,,2023-07-20 16:08:46.224126
5671977670,,2023-07-21 19:24:14.115141
5672517337,,2023-07-20 09:12:24.307433
5673176254,,2023-07-21 07:23:19.252169
5673697432,,2023-07-21 09:58:18.915873
5674366290,,2023-07-20 06:29:23.222116
5675127953,,2023-07-21 07:29:07.698672
5675419275,,2023-07-20 07:17:27.491430
5676883364,,2023-07-21 13:44:04.528446
5678644092,,2023-07-21 06:37:31.951535
5679416414,,2023-07-20 11:47:55.208670
5679512084,,2023-07-21 10:38:49.457759
5681369729,,2023-07-21 12:32:14.587545
5685871992,,2023-07-21 06:33:52.025179
5686382278,,2023-07-21 11:05:33.631764
5689059148,,2023-07-21 06:31:51.877281
5689471295,,2023-07-20 06:25:31.490016
5689560551,,2023-07-20 06:05:17.693455
5690739251,,2023-07-20 11:45:57.869930
5691778958,,2023-07-21 07:48:25.311214
5691798593,,2023-07-20 06:54:16.899079
5691909026,,2023-07-20 06:05:35.340445
5696318033,,2023-07-21 06:48:20.989675
5696861950,,2023-07-20 09:50:43.503547
5697979906,,2023-07-21 09:26:05.733952
5698701116,,2023-07-20 07:05:07.193502
5699543987,,2023-07-21 06:33:33.477327
5700292677,,2023-07-21 20:17:23.560457
5701145443,,2023-07-21 09:31:22.596377
5701380241,,2023-07-20 15:08:35.904678
5701904442,,2023-07-21 07:33:02.185330
5704667988,,2023-07-20 07:16:24.658123
5705893781,,2023-07-21 06:52:35.273449
5706464214,,2023-07-21 13:47:49.847824
5706981998,,2023-07-21 11:37:47.267115
5710470920,,2023-07-20 06:53:47.574564
5711790579,,2023-07-20 07:23:39.286672
5712172931,,2023-07-21 08:04:57.478678
5713028196,,2023-07-21 06:58:44.364736
5715159238,,2023-07-20 12:37:57.590429
5715924879,,2023-07-20 06:06:32.499997
5716738212,,2023-07-20 08:56:00.957733
5719926787,,2023-07-20 12:18:29.739916
5722375528,,2023-07-20 14:30:29.867488
5724239484,,2023-07-21 09:05:22.758013
5726085720,,2023-07-20 11:43:13.568841
5730143783,,2023-07-21 06:41:13.346086
5730793767,,2023-07-21 06:53:24.359359
5730949085,,2023-07-20 11:38:06.665956
5732459629,,2023-07-21 15:41:37.985778
5734766676,,2023-07-21 06:36:14.423586
5735770734,,2023-07-21 12:56:45.238264
5736093841,,2023-07-21 14:04:23.487070
5740505543,,2023-07-20 16:14:17.206156
5740933552,,2023-07-21 09:27:54.944901
5743163419,,2023-07-20 06:08:09.550818
5745146366,,2023-07-20 06:09:04.824286
5747219456,,2023-07-21 10:48:00.969025
5748815415,,2023-07-20 07:10:36.755565
5750869709,,2023-07-20 18:02:05.967651
5751360203,,2023-07-20 06:05:04.688572
5754086611,,2023-07-21 11:10:38.723631
5754971305,,2023-07-21 07:04:57.933764
5756820330,,2023-07-21 11:14:37.016709
5756918599,,2023-07-20 07:39:53.986443
5757441700,,2023-07-21 06:34:43.891348
5757518600,,2023-07-20 06:09:31.398517
5758007011,,2023-07-20 14:14:02.931230
5760459407,,2023-07-21 04:33:42.228085
5760750549,,2023-07-21 06:40:11.866389
5760762002,,2023-07-21 06:40:47.786142
5763181640,,2023-07-21 08:08:53.158432
5763346366,,2023-07-20 11:31:44.943746
5765136971,,2023-07-20 06:05:07.528243
5765181483,,2023-07-20 06:23:56.482472
5765835294,,2023-07-21 08:40:59.329434
5767676800,,2023-07-20 08:38:11.023629
5769350898,,2023-07-20 13:31:09.605537
5769781745,,2023-07-20 06:14:24.618222
5770368074,,2023-07-21 06:34:16.828215
5771708190,,2023-07-21 07:30:33.531041
5771877699,Rudssonvv,2023-07-21 13:52:36.450195
5773820393,,2023-07-21 10:49:37.286875
5774069894,,2023-07-20 06:06:18.894506
5775216263,,2023-07-21 19:27:35.316430
5775487096,,2023-07-21 08:10:51.670128
5776110413,,2023-07-20 06:05:42.519535
5777126733,,2023-07-20 06:05:44.519479
5778050353,,2023-07-20 11:13:03.447474
5778909529,,2023-07-21 08:14:48.223108
5780196295,,2023-07-21 10:18:05.727235
5780849135,,2023-07-20 07:30:22.399101
5783449021,,2023-07-21 06:39:08.076591
5784378555,,2023-07-20 06:05:40.620438
5784579663,,2023-07-21 12:14:37.717153
5785572721,,2023-07-20 09:42:23.795574
5786992061,,2023-07-20 07:54:53.223218
5789893567,,2023-07-21 08:23:34.732555
5790529692,,2023-07-21 11:36:48.912500
5793033218,,2023-07-21 11:05:50.634392
5793252054,,2023-07-21 07:15:02.357570
5793365417,,2023-07-21 07:04:09.454865
5793687638,,2023-07-21 12:15:38.913379
5795923669,,2023-07-21 10:45:17.710093
5797249621,,2023-07-21 07:34:21.763074
5799144031,,2023-07-21 12:34:49.615892
5799237328,,2023-07-21 11:00:22.648362
5800795335,,2023-07-20 06:04:35.930327
5802674915,,2023-07-21 08:09:52.262611
5803109427,,2023-07-21 13:34:34.502600
5806254880,,2023-07-21 10:52:43.689088
5809567393,,2023-07-19 23:19:36.968947
5810029926,,2023-07-21 07:06:29.610867
5810521745,,2023-07-21 07:14:25.789848
5812331367,,2023-07-21 07:36:52.463371
5815797881,,2023-07-20 06:40:23.805187
5815877107,,2023-07-21 10:54:07.759552
5822459836,,2023-07-20 06:32:57.085847
5824946320,,2023-07-20 06:43:45.232074
5826149513,,2023-07-21 06:44:27.933271
5826866513,,2023-07-21 11:07:16.265430
5827373496,,2023-07-20 11:37:53.114105
5827822555,sneakerjagers,2023-07-20 13:04:52.760352
5833173637,,2023-07-20 11:32:59.661887
5835069345,,2023-07-21 10:10:46.777970
5836631272,,2023-07-20 11:53:42.643844
5837332468,,2023-07-21 06:31:31.456345
5838101805,,2023-07-21 06:33:43.599505
5838369663,,2023-07-21 06:37:26.261639
5838829605,,2023-07-20 11:39:15.072156
5838883862,,2023-07-21 12:42:54.923468
5839337456,,2023-07-20 16:44:46.626705
5840753796,,2023-07-21 11:10:50.255231
5842167793,,2023-07-21 06:45:09.485651
5842864015,,2023-07-21 07:33:52.923233
5842956100,,2023-07-21 07:21:11.446792
5845311217,,2023-07-21 11:51:52.004651
5845391243,,2023-07-20 06:08:13.813437
5845545956,,2023-07-21 20:34:40.829443
5846782524,,2023-07-20 13:02:36.835547
5848587301,,2023-07-21 07:49:56.203887
5849261471,,2023-07-21 15:11:44.468656
5852256849,,2023-07-20 08:35:26.671803
5852333376,,2023-07-21 11:50:52.026931
5852585222,,2023-07-21 09:30:30.261436
5853488198,,2023-07-20 06:55:06.503111
5854882627,,2023-07-21 06:50:21.504301
5855277069,,2023-07-20 09:05:57.620907
5855924151,,2023-07-21 10:57:52.128836
5856130311,,2023-07-20 17:20:44.626645
5857313949,,2023-07-21 06:37:17.679802
5858130704,,2023-07-20 06:36:58.601391
5858798731,,2023-07-21 11:25:59.618997
5860612505,,2023-07-21 06:52:26.993854
5861438473,,2023-07-20 06:14:25.653591
5862366320,,2023-07-21 11:07:16.618865
5863054401,,2023-07-21 14:48:47.751366
5868908396,,2023-07-21 10:41:16.133901
5868972215,,2023-07-21 16:59:34.578622
5872446677,,2023-07-20 06:19:42.432323
5873256522,,2023-07-21 06:34:21.602179
5873859995,,2023-07-21 16:37:03.028935
5874903224,,2023-07-20 07:01:14.748346
5874935402,,2023-07-21 08:53:00.310239
5876934105,,2023-07-21 17:49:20.754022
5880369690,,2023-07-20 11:53:48.285079
5882984695,,2023-07-21 10:37:41.674906
5883484111,,2023-07-21 06:52:04.041461
5884850473,,2023-07-21 06:52:55.181346
5885806110,,2023-07-21 09:13:57.761803
5886142421,,2023-07-20 09:28:44.696653
5886546843,,2023-07-21 08:27:10.210951
5890682085,,2023-07-20 11:57:18.129042
5891261446,,2023-07-21 06:58:57.534118
5891453574,,2023-07-20 06:05:01.838933
5891475527,,2023-07-21 11:16:25.221944
5891524567,,2023-07-21 09:00:43.215712
5892091784,,2023-07-21 08:58:19.355705
5892319817,,2023-07-21 06:59:31.486317
5894020147,,2023-07-21 06:38:16.600748
5894139486,,2023-07-21 06:37:25.958953
5894258137,,2023-07-21 06:40:47.348572
5894676008,,2023-07-21 06:37:47.744223
5896928352,,2023-07-20 11:38:56.594425
5897011734,,2023-07-20 07:52:16.304024
5897724673,,2023-07-21 12:42:57.243425
5898573170,,2023-07-21 10:38:57.032875
5898928233,,2023-07-20 06:10:19.139933
5898964049,,2023-07-21 06:36:36.782941
5899143171,,2023-07-21 10:38:26.579097
5899293207,,2023-07-21 13:14:31.937550
5904809185,,2023-07-21 08:54:18.339386
5908562995,,2023-07-20 13:10:03.981299
5911561353,,2023-07-20 11:53:15.316928
5914386121,,2023-07-20 06:45:31.932937
5914827761,,2023-07-21 07:14:40.849537
5915231282,,2023-07-21 07:43:20.212459
5916548901,Bbhsll,2023-07-19 21:53:45.228802
5916932417,,2023-07-20 06:31:50.120303
5920465441,,2023-07-21 09:42:55.648723
5920681183,,2023-07-21 10:47:18.614743
5921361460,,2023-07-21 16:37:17.794550
5922255414,,2023-07-21 12:42:46.091875
5924980522,,2023-07-21 06:31:31.972337
5926568816,,2023-07-21 11:04:19.237030
5930013814,,2023-07-21 06:36:47.501056
5931024948,,2023-07-20 06:08:34.108681
5931956344,,2023-07-21 06:42:46.996553
5932323662,,2023-07-20 08:05:28.721968
5934154594,,2023-07-21 11:52:02.312834
5934396567,,2023-07-21 15:51:48.315307
5934398855,,2023-07-21 06:31:41.085214
5934967863,,2023-07-20 08:54:46.906278
5935462370,,2023-07-20 15:51:39.834831
5935628660,,2023-07-21 06:32:13.541070
5936102409,,2023-07-20 07:21:35.387997
5936138032,,2023-07-21 11:03:18.019527
5936234624,,2023-07-21 07:04:00.982963
5937121758,,2023-07-20 06:04:43.639301
5937382817,,2023-07-20 06:06:03.531214
5940100137,,2023-07-20 11:52:08.135355
5940575781,,2023-07-21 06:32:53.473815
5946433900,,2023-07-21 06:33:27.805641
5946702834,,2023-07-20 06:05:23.252275
5950333853,,2023-07-20 06:19:17.363619
5950763263,Anna1431,2023-07-20 06:06:15.928853
5952216098,,2023-07-21 08:10:01.985085
5957580086,,2023-07-21 10:50:07.881602
5958484004,,2023-07-20 06:32:24.823971
5965108432,,2023-07-21 14:29:12.280577
5967863200,,2023-07-21 12:28:03.125803
5968318920,,2023-07-20 11:44:31.730916
5969175264,,2023-07-20 07:26:41.501924
5969257312,,2023-07-20 06:06:20.252615
5971446290,,2023-07-21 10:39:19.532731
5973107245,,2023-07-20 11:54:33.369190
5974580812,,2023-07-21 12:14:03.650937
5975157849,,2023-07-21 06:43:41.415392
5976118632,,2023-07-21 08:07:12.745344
5977467665,,2023-07-20 06:06:02.267519
5977956575,,2023-07-21 19:06:13.478260
5979422070,,2023-07-20 09:58:12.793260
5979452338,,2023-07-21 08:02:53.750301
5979667097,,2023-07-21 06:33:06.350539
5982382377,,2023-07-21 08:21:16.245780
5982763148,,2023-07-20 11:53:32.972891
5985862466,,2023-07-20 13:01:10.568863
5987210479,,2023-07-21 13:19:41.713553
5987737037,,2023-07-21 06:43:53.036118
5988550445,,2023-07-20 07:05:13.809816
5991157687,,2023-07-20 06:17:07.560890
5992268276,,2023-07-21 10:47:47.305850
5992746983,,2023-07-20 12:14:25.476405
5993480639,,2023-07-21 07:08:08.241583
5995132792,,2023-07-20 06:54:58.733837
5998506806,,2023-07-20 06:08:19.879985
5999374692,,2023-07-20 11:32:33.749817
6002070774,,2023-07-21 06:31:30.474258
6004205151,,2023-07-20 06:08:43.065406
6004435727,,2023-07-21 10:43:09.582635
6006412039,,2023-07-21 10:37:14.937943
6008226592,,2023-07-21 06:42:42.156152
6010858477,,2023-07-20 06:51:21.656059
6012501527,,2023-07-20 06:39:06.068264
6013334674,,2023-07-21 07:15:47.642460
6013755023,,2023-07-20 06:47:59.270221
6015193254,,2023-07-21 10:57:46.440898
6019330434,,2023-07-20 11:35:18.631867
6020096398,,2023-07-21 07:25:40.155153
6020173912,,2023-07-20 06:34:12.633404
6021473583,,2023-07-20 06:05:49.835235
6023450271,,2023-07-21 06:48:30.120763
6024081194,,2023-07-21 07:53:17.585686
6025325457,,2023-07-21 20:37:54.183039
6026308713,,2023-07-20 06:18:10.349151
6027548294,,2023-07-20 06:05:22.600750
6027739166,,2023-07-20 10:59:19.041258
6028712680,,2023-07-20 13:55:06.148191
6029215753,,2023-07-21 06:32:51.642372
6029498850,,2023-07-21 06:42:36.963012
6030653848,,2023-07-20 06:05:47.914140
6031686453,,2023-07-21 06:55:58.291599
6031997819,,2023-07-21 08:52:39.988267
6032297174,,2023-07-20 08:35:24.095928
6034001160,,2023-07-21 12:26:01.665883
6034728991,,2023-07-20 07:20:35.568281
6037748991,,2023-07-21 11:10:52.155398
6038220434,,2023-07-20 06:04:40.406961
6038289550,,2023-07-20 11:43:27.433185
6041700591,,2023-07-20 09:11:41.659018
6041808127,,2023-07-20 17:16:48.633980
6042597442,,2023-07-20 06:09:09.329417
6050639801,,2023-07-21 06:34:31.062301
6053404314,,2023-07-20 11:41:49.688211
6056736926,,2023-07-21 07:11:54.999697
6059320692,,2023-07-20 06:18:01.594798
6059763461,,2023-07-20 11:36:24.524356
6060040018,,2023-07-21 11:45:15.065305
6061871459,,2023-07-20 19:40:38.449999
6061978720,,2023-07-21 06:48:20.633620
6062086536,,2023-07-21 07:00:37.607530
6062939599,,2023-07-20 08:48:00.483827
6063894528,,2023-07-21 11:04:15.959412
6064876757,,2023-07-21 10:47:28.044965
6065107011,,2023-07-21 10:58:25.393176
6067419782,,2023-07-20 15:13:25.756065
6067438696,,2023-07-20 12:39:37.510575
6068685532,,2023-07-21 09:24:49.308310
6069081709,,2023-07-20 11:32:18.659287
6070273505,,2023-07-21 21:08:57.877723
6071752230,,2023-07-21 07:46:48.942032
6072022799,,2023-07-21 06:39:08.291720
6072082278,,2023-07-20 06:13:08.263548
6072330996,,2023-07-20 10:30:54.069356
6075596001,,2023-07-20 19:24:08.610468
6075794542,,2023-07-20 10:05:39.256058
6081256076,,2023-07-21 06:35:02.473570
6081578423,,2023-07-21 10:55:29.142244
6081601100,,2023-07-20 06:13:05.137751
6082566153,,2023-07-21 10:37:58.708348
6085717131,,2023-07-21 10:42:06.876692
6087006674,,2023-07-21 10:38:47.720480
6089169409,,2023-07-20 06:06:38.147422
6094649905,,2023-07-21 06:32:06.089291
6095249493,,2023-07-20 06:56:20.874904
6095805261,,2023-07-21 07:57:41.472938
6096599858,,2023-07-21 11:13:00.773361
6098476164,,2023-07-21 06:33:44.994009
6098860633,,2023-07-21 06:33:38.585835
6100463112,,2023-07-21 06:52:06.066761
6101168222,,2023-07-20 06:08:46.428281
6101263256,,2023-07-20 06:05:33.251851
6103874816,,2023-07-20 11:30:49.306374
6104690268,,2023-07-21 12:14:34.061128
6105758284,,2023-07-20 06:07:50.522561
6105918695,,2023-07-20 06:10:25.942641
6106747533,,2023-07-21 09:17:27.097215
6107434011,,2023-07-21 06:31:56.511943
6108524686,,2023-07-21 06:45:46.668010
6109304414,,2023-07-21 06:32:01.794028
6119053190,,2023-07-20 06:10:09.342343
6120747808,,2023-07-20 09:14:09.402082
6121048533,,2023-07-20 06:04:46.272339
6121888554,,2023-07-20 08:52:31.856078
6124733732,,2023-07-20 11:48:40.539686
6131272230,,2023-07-20 06:22:46.063757
6133655720,,2023-07-21 10:45:33.587385
6133672435,,2023-07-20 11:37:07.130935
6133941928,,2023-07-20 16:02:06.702905
6134048755,,2023-07-20 14:43:46.608503
6135767429,,2023-07-21 10:45:44.839949
6136013500,,2023-07-20 11:37:23.015842
6137236119,,2023-07-21 06:49:09.411606
6139403194,,2023-07-21 17:13:44.541276
6140641676,,2023-07-20 06:24:22.566165
6141564294,,2023-07-20 11:43:42.584056
6144929778,,2023-07-21 13:37:25.251103
6146228029,,2023-07-20 06:45:39.157301
6146325923,,2023-07-20 08:56:54.455671
6147409566,,2023-07-20 11:34:14.315527
6149336452,,2023-07-20 06:04:53.067048
6149397833,,2023-07-20 06:07:14.894034
6150476520,,2023-07-20 06:10:40.470337
6150902019,,2023-07-20 06:29:48.031272
6152135497,,2023-07-20 11:43:02.703227
6152574353,,2023-07-20 06:05:40.607523
6153597618,,2023-07-21 06:39:59.673891
6157997686,,2023-07-21 09:37:11.006355
6158318148,,2023-07-21 11:21:31.215126
6159731986,,2023-07-21 06:38:23.536861
6164396856,,2023-07-20 06:10:25.613472
6165013084,,2023-07-20 11:54:18.516681
6167270755,,2023-07-21 07:28:43.250942
6168475294,,2023-07-20 18:46:23.481681
6171006652,,2023-07-20 06:04:45.053161
6172735704,,2023-07-21 20:33:32.040527
6176579331,,2023-07-20 16:37:51.315984
6178553267,,2023-07-21 10:56:56.565018
6181056474,,2023-07-20 06:05:06.701919
6181498829,,2023-07-21 19:27:35.670170
6182386103,,2023-07-20 09:59:46.356584
6184262363,,2023-07-20 06:04:41.781443
6185915336,,2023-07-21 06:32:41.146407
6186488345,,2023-07-20 10:00:52.386649
6186569532,,2023-07-21 17:18:57.727297
6187230129,,2023-07-21 07:31:03.627263
6188207743,,2023-07-21 10:38:51.086692
6189727381,,2023-07-20 11:57:05.098409
6191259202,,2023-07-21 13:46:18.175312
6192884951,,2023-07-21 07:40:30.931795
6194875211,,2023-07-20 06:04:36.304012
6195037784,,2023-07-21 10:54:51.113482
6196489097,,2023-07-21 06:58:25.963545
6198739454,,2023-07-21 12:18:52.491621
6201845827,,2023-07-20 06:05:47.659989
6204572221,,2023-07-20 11:31:59.324436
6205350716,,2023-07-21 06:38:39.468935
6208558069,,2023-07-21 06:31:09.373169
6210757689,,2023-07-21 07:50:08.366959
6211039383,,2023-07-20 06:05:54.643963
6212190698,,2023-07-21 06:33:45.364068
6212982571,,2023-07-20 09:05:42.371718
6215872534,,2023-07-21 06:33:22.322585
6220975105,,2023-07-21 06:41:49.772433
6221355832,,2023-07-21 07:56:26.142129
6221931793,,2023-07-20 11:44:48.369885
6222867786,,2023-07-21 07:35:47.692685
6223608839,,2023-07-20 11:36:43.684793
6224370425,,2023-07-20 06:16:15.179526
6226013285,,2023-07-21 11:45:40.079510
6230651395,,2023-07-20 06:10:36.501187
6232874361,,2023-07-21 11:33:30.119953
6242129689,,2023-07-20 06:25:26.806188
6242681425,,2023-07-21 10:38:40.521938
6243041072,,2023-07-20 13:03:03.755432
6244355203,,2023-07-21 11:48:26.867054
6244881592,,2023-07-21 10:38:17.651404
6247125686,,2023-07-21 07:07:04.996838
6247390076,,2023-07-21 14:40:18.837341
6247438770,,2023-07-20 06:08:44.165052
6247465552,,2023-07-21 12:15:21.634462
6248419850,,2023-07-21 10:42:39.973926
6248986206,,2023-07-20 06:04:33.663443
6250408700,,2023-07-21 06:31:54.305690
6253857454,,2023-07-20 07:44:55.034342
6254543232,,2023-07-20 06:06:34.594768
6254929611,,2023-07-20 08:48:05.268076
6254957468,,2023-07-20 08:23:46.914157
6258570341,,2023-07-21 09:23:56.038610
6260977494,,2023-07-21 08:32:19.113474
6264227748,,2023-07-21 07:03:27.690930
6265014929,,2023-07-21 14:21:38.864300
6265607537,,2023-07-21 20:44:07.856937
6268301263,,2023-07-20 11:33:30.360791
6269165512,,2023-07-20 11:31:36.397181
6269176459,,2023-07-20 06:13:52.557158
6269319464,,2023-07-21 08:41:49.418506
6270065931,,2023-07-20 15:54:29.557996
6271183714,,2023-07-21 09:28:29.842057
6271384028,,2023-07-20 11:33:58.008880
6272909384,,2023-07-20 06:11:11.195897
6276592670,,2023-07-20 22:27:04.986487
6276909596,,2023-07-21 10:38:55.679487
6277998151,,2023-07-20 06:18:22.136038
6278448796,,2023-07-20 15:26:57.677572
6279406050,,2023-07-20 11:44:01.078451
6282248013,,2023-07-21 12:06:01.686578
6284083365,,2023-07-21 20:33:52.246936
6285316461,,2023-07-21 08:51:21.989520
6285735279,,2023-07-20 11:44:16.309944
6286420987,,2023-07-20 07:32:45.540180
6287472588,,2023-07-20 11:39:33.837134
6291327505,,2023-07-20 11:33:15.022929
6294056056,,2023-07-21 08:47:02.400364
6297204276,,2023-07-21 10:38:01.253486
6302805028,,2023-07-21 06:47:24.889741
6304973560,,2023-07-21 06:34:12.149143
6309425646,,2023-07-20 07:10:42.886147
6320792169,,2023-07-21 08:28:32.115573
6326430324,,2023-07-20 09:56:31.463259
6327373327,,2023-07-20 07:10:27.538692
6329209941,,2023-07-21 07:49:16.714993
6330056554,,2023-07-21 07:45:02.308020
6335097168,,2023-07-21 06:33:39.225473
6337566149,,2023-07-20 11:16:36.140389
6339529397,,2023-07-20 08:25:49.897998
6343172216,,2023-07-21 15:52:06.570432
6350147899,,2023-07-21 06:32:46.104857
6357509707,,2023-07-20 08:58:35.258139
6358003591,,2023-07-21 08:01:15.584351
6360738673,,2023-07-20 06:19:29.638846
6362148623,,2023-07-21 08:03:07.295890
6364788540,,2023-07-21 18:51:06.758644
6367911442,,2023-07-21 06:33:42.179088
6369045408,,2023-07-20 06:07:48.505027
6375352469,,2023-07-21 11:16:30.627117
6377572754,,2023-07-21 06:33:53.956412
6377886630,,2023-07-20 07:00:36.663092
6382538282,,2023-07-21 07:03:11.811520
6384822864,,2023-07-21 07:28:03.347650
6386321471,,2023-07-21 06:36:30.775147
6390155906,,2023-07-21 07:06:18.021658
6391308701,,2023-07-21 13:49:25.239579
6394154367,,2023-07-21 10:40:25.307735
6397326901,,2023-07-20 09:08:25.755611
